config_id,population_exc,population_inh,duration_thresholds_ms,sustain_weight,forward_weight,reset_strength,quiet_gain,clean_hard_gate_pass,case_pass_rate,positive_recall_mean,negative_false_alarm_per_min_sum,latency_median_ms,progression_violations_total,reset_failure_rate_max,pareto_score
cfg_264b26d722,8,2,"50,100,200,400",1.25,1.25,2.0,0.5,True,1.0,1.0,0.0,79.0,0,0.0,0.921
cfg_6675dee412,16,4,"40,80,160,320",1.0,1.0,1.5,1.25,True,1.0,1.0,0.0,79.0,0,0.0,0.921
cfg_35920bf46c,16,4,"50,100,200,400",0.75,1.25,1.5,0.5,True,1.0,1.0,0.0,79.0,0,0.0,0.921
cfg_b5d782fc2f,16,4,"50,100,200,400",1.0,1.25,2.0,0.75,True,1.0,1.0,0.0,79.0,0,0.0,0.921
cfg_22ebb026fa,16,4,"50,100,200,400",1.5,1.25,0.75,1.25,True,1.0,1.0,0.0,79.0,0,0.0,0.921
cfg_b6b55f4a5d,32,8,"40,80,160,320",0.5,1.0,1.25,1.0,True,1.0,1.0,0.0,79.0,0,0.0,0.921
cfg_86de9462c3,32,8,"40,80,160,320",0.75,1.0,1.5,1.5,True,1.0,1.0,0.0,79.0,0,0.0,0.921
cfg_5972859884,32,8,"40,80,160,320",1.5,1.0,1.0,1.25,True,1.0,1.0,0.0,79.0,0,0.0,0.921
cfg_5893d9ac09,32,8,"50,100,200,400",0.5,1.25,1.5,0.75,True,1.0,1.0,0.0,79.0,0,0.0,0.921
cfg_92dbb346de,32,8,"50,100,200,400",0.75,1.25,2.0,1.0,True,1.0,1.0,0.0,79.0,0,0.0,0.921
cfg_f24a10c6ec,32,8,"50,100,200,400",1.25,1.25,0.75,1.5,True,1.0,1.0,0.0,79.0,0,0.0,0.921
cfg_83d3934b23,32,8,"50,100,200,400",1.5,1.25,1.25,0.75,True,1.0,1.0,0.0,79.0,0,0.0,0.921
cfg_bf892d3d6f,64,16,"40,80,160,320",0.5,1.0,2.0,0.5,True,1.0,1.0,0.0,79.0,0,0.0,0.921
cfg_3716707c97,64,16,"40,80,160,320",1.0,1.0,0.75,1.0,True,1.0,1.0,0.0,79.0,0,0.0,0.921
cfg_85618500bc,64,16,"40,80,160,320",1.25,1.0,1.0,1.5,True,1.0,1.0,0.0,79.0,0,0.0,0.921
cfg_34d0af07cf,64,16,"50,100,200,400",0.5,1.25,2.0,1.25,True,1.0,1.0,0.0,79.0,0,0.0,0.921
cfg_727fc164fc,8,2,"75,150,300,600",1.25,1.5,2.0,1.5,True,1.0,1.0,0.0,99.0,0,0.0,0.901
cfg_ec43c62c3b,16,4,"50,100,200,400",1.0,1.0,2.0,0.5,True,1.0,1.0,0.0,99.0,0,0.0,0.901
cfg_2a5903ab9c,16,4,"50,100,200,400",1.5,1.0,0.75,1.0,True,1.0,1.0,0.0,99.0,0,0.0,0.901
cfg_1228312d82,16,4,"75,150,300,600",0.75,1.5,1.5,1.25,True,1.0,1.0,0.0,99.0,0,0.0,0.901
cfg_6f44b70df5,16,4,"75,150,300,600",1.0,1.5,2.0,1.5,True,1.0,1.0,0.0,99.0,0,0.0,0.901
cfg_f3e30a7b42,32,8,"50,100,200,400",0.5,1.0,1.25,1.5,True,1.0,1.0,0.0,99.0,0,0.0,0.901
cfg_2f8eb57606,32,8,"50,100,200,400",0.75,1.0,2.0,0.75,True,1.0,1.0,0.0,99.0,0,0.0,0.901
cfg_5cf41df97c,32,8,"50,100,200,400",1.25,1.0,0.75,1.25,True,1.0,1.0,0.0,99.0,0,0.0,0.901
cfg_7129b43707,32,8,"50,100,200,400",1.5,1.0,1.0,1.5,True,1.0,1.0,0.0,99.0,0,0.0,0.901
cfg_59a36301fc,32,8,"75,150,300,600",0.5,1.5,1.5,1.5,True,1.0,1.0,0.0,99.0,0,0.0,0.901
cfg_557629cab4,32,8,"75,150,300,600",1.25,1.5,1.0,1.0,True,1.0,1.0,0.0,99.0,0,0.0,0.901
cfg_a9532f6058,64,16,"50,100,200,400",0.5,1.0,2.0,1.0,True,1.0,1.0,0.0,99.0,0,0.0,0.901
cfg_0fcc8f3db2,64,16,"50,100,200,400",1.0,1.0,0.75,1.5,True,1.0,1.0,0.0,99.0,0,0.0,0.901
cfg_ec407844f1,64,16,"50,100,200,400",1.25,1.0,1.25,0.5,True,1.0,1.0,0.0,99.0,0,0.0,0.901
cfg_bb82e159b2,8,2,"40,80,160,320",1.25,1.5,2.0,0.5,False,0.8888888888888888,1.0,0.0,53.0,0,0.0,0.947
cfg_3a6aaa117c,16,4,"40,80,160,320",0.75,1.5,1.25,1.5,False,0.8888888888888888,1.0,0.0,53.0,0,0.0,0.947
cfg_cb99e41be8,16,4,"40,80,160,320",1.0,1.5,2.0,0.75,False,0.8888888888888888,1.0,0.0,53.0,0,0.0,0.947
cfg_bebba292b0,32,8,"40,80,160,320",0.75,1.5,2.0,1.0,False,0.8888888888888888,1.0,0.0,53.0,0,0.0,0.947
cfg_62fc2d29b0,32,8,"40,80,160,320",1.25,1.5,0.75,1.5,False,0.8888888888888888,1.0,0.0,53.0,0,0.0,0.947
cfg_2a09253cfc,64,16,"40,80,160,320",0.5,1.5,2.0,1.25,False,0.8888888888888888,1.0,0.0,53.0,0,0.0,0.947
cfg_79173e22b3,8,2,"40,80,160,320",1.25,1.25,1.5,1.25,False,0.8888888888888888,1.0,0.0,63.0,0,0.0,0.937
cfg_aab7eeb814,16,4,"40,80,160,320",0.75,1.25,1.25,1.25,False,0.8888888888888888,1.0,0.0,63.0,0,0.0,0.937
cfg_a181557c86,16,4,"40,80,160,320",1.0,1.25,1.5,1.5,False,0.8888888888888888,1.0,0.0,63.0,0,0.0,0.937
cfg_bacb9bc29c,32,8,"40,80,160,320",0.5,1.25,1.25,1.5,False,0.8888888888888888,1.0,0.0,63.0,0,0.0,0.937
cfg_5b484bdfbb,32,8,"40,80,160,320",0.75,1.25,2.0,0.5,False,0.8888888888888888,1.0,0.0,63.0,0,0.0,0.937
cfg_e2f5518425,32,8,"40,80,160,320",1.25,1.25,0.75,1.0,False,0.8888888888888888,1.0,0.0,63.0,0,0.0,0.937
cfg_fc890a0da5,32,8,"40,80,160,320",1.5,1.25,1.0,1.5,False,0.8888888888888888,1.0,0.0,63.0,0,0.0,0.937
cfg_d092d68049,64,16,"40,80,160,320",0.5,1.25,2.0,0.75,False,0.8888888888888888,1.0,0.0,63.0,0,0.0,0.937
cfg_9b64fb9ebe,64,16,"40,80,160,320",1.0,1.25,0.75,1.25,False,0.8888888888888888,1.0,0.0,63.0,0,0.0,0.937
cfg_29913205d8,8,2,"50,100,200,400",1.25,1.5,2.0,1.0,False,0.8888888888888888,1.0,0.0,66.0,0,0.0,0.9339999999999999
cfg_845332b805,16,4,"50,100,200,400",0.75,1.5,1.5,0.75,False,0.8888888888888888,1.0,0.0,66.0,0,0.0,0.9339999999999999
cfg_97c728f1d7,16,4,"50,100,200,400",1.0,1.5,2.0,1.25,False,0.8888888888888888,1.0,0.0,66.0,0,0.0,0.9339999999999999
cfg_84835f2034,32,8,"50,100,200,400",0.5,1.5,1.5,1.0,False,0.8888888888888888,1.0,0.0,66.0,0,0.0,0.9339999999999999
cfg_cdf0920471,32,8,"50,100,200,400",0.75,1.5,2.0,1.5,False,0.8888888888888888,1.0,0.0,66.0,0,0.0,0.9339999999999999
cfg_793ef030f9,64,16,"50,100,200,400",0.5,1.5,2.0,1.5,False,0.8888888888888888,1.0,0.0,66.0,0,0.0,0.9339999999999999
cfg_88ccbe648d,32,8,"50,100,200,400",1.5,1.5,1.25,1.0,False,0.5555555555555556,1.0,0.0,66.0,3,0.0,0.7839999999999999
cfg_e31ea276a8,32,8,"75,150,300,600",1.5,1.5,1.25,1.5,False,0.6666666666666666,1.0,0.0,99.0,3,0.0,0.751
cfg_4f8812e965,16,4,"40,80,160,320",1.5,1.5,0.75,1.25,False,0.4444444444444444,1.0,0.0,53.0,4,0.0,0.7469999999999999
cfg_a5ff14bd91,16,4,"40,80,160,320",1.25,0.75,2.0,1.25,False,0.8888888888888888,0.75,0.0,106.0,0,0.0,0.644
cfg_b2d66eb880,16,4,"40,80,160,320",1.5,0.75,0.5,1.5,False,0.8888888888888888,0.75,0.0,106.0,0,0.0,0.644
cfg_d14923a77c,32,8,"40,80,160,320",0.75,0.75,1.5,1.25,False,0.8888888888888888,0.75,0.0,106.0,0,0.0,0.644
cfg_21fd0e71b9,32,8,"40,80,160,320",1.0,0.75,2.0,1.5,False,0.8888888888888888,0.75,0.0,106.0,0,0.0,0.644
cfg_63d0401686,32,8,"40,80,160,320",1.5,0.75,1.0,0.75,False,0.8888888888888888,0.75,0.0,106.0,0,0.0,0.644
cfg_e756e41c6c,64,16,"40,80,160,320",0.5,0.75,1.5,1.5,False,0.8888888888888888,0.75,0.0,106.0,0,0.0,0.644
cfg_0d9b4fb265,64,16,"40,80,160,320",1.0,0.75,0.75,0.75,False,0.8888888888888888,0.75,0.0,106.0,0,0.0,0.644
cfg_a009cc4217,64,16,"40,80,160,320",1.25,0.75,1.0,1.0,False,0.8888888888888888,0.75,0.0,106.0,0,0.0,0.644
cfg_6785eb8c0a,64,16,"40,80,160,320",1.5,0.75,1.25,1.5,False,0.8888888888888888,0.75,0.0,106.0,0,0.0,0.644
cfg_88b3da492f,8,2,"75,150,300,600",1.25,1.25,2.0,1.0,False,0.8888888888888888,0.75,0.0,119.0,0,0.0,0.631
cfg_10ca180688,16,4,"75,150,300,600",0.75,1.25,1.5,1.0,False,0.8888888888888888,0.75,0.0,119.0,0,0.0,0.631
cfg_3ee2d35b81,16,4,"75,150,300,600",1.0,1.25,2.0,1.25,False,0.8888888888888888,0.75,0.0,119.0,0,0.0,0.631
cfg_c1dd8b31d1,32,8,"75,150,300,600",0.5,1.25,1.5,1.0,False,0.8888888888888888,0.75,0.0,119.0,0,0.0,0.631
cfg_7d0b4b902a,32,8,"75,150,300,600",0.75,1.25,2.0,1.5,False,0.8888888888888888,0.75,0.0,119.0,0,0.0,0.631
cfg_15c32fa195,32,8,"75,150,300,600",1.0,1.25,0.5,1.5,False,0.8888888888888888,0.75,0.0,119.0,0,0.0,0.631
cfg_96170e87b2,32,8,"75,150,300,600",1.25,1.25,1.0,0.75,False,0.8888888888888888,0.75,0.0,119.0,0,0.0,0.631
cfg_de73a54886,32,8,"75,150,300,600",1.5,1.25,1.25,1.25,False,0.8888888888888888,0.75,0.0,119.0,0,0.0,0.631
cfg_5227300aef,64,16,"75,150,300,600",1.0,1.25,1.0,1.0,False,0.8888888888888888,0.75,0.0,119.0,0,0.0,0.631
cfg_e16d937ead,16,4,"50,100,200,400",1.5,0.75,0.75,0.75,False,0.8888888888888888,0.75,0.0,133.0,0,0.0,0.617
cfg_99978f7691,16,4,"100,200,350,500",0.75,1.5,2.0,0.5,False,0.8888888888888888,0.75,0.0,133.0,0,0.0,0.617
cfg_fe71dfde1e,32,8,"50,100,200,400",0.75,0.75,2.0,0.5,False,0.8888888888888888,0.75,0.0,133.0,0,0.0,0.617
cfg_7ee72811a9,32,8,"50,100,200,400",1.25,0.75,0.75,0.75,False,0.8888888888888888,0.75,0.0,133.0,0,0.0,0.617
cfg_3975539754,32,8,"50,100,200,400",1.5,0.75,1.0,1.25,False,0.8888888888888888,0.75,0.0,133.0,0,0.0,0.617
cfg_122dff97ad,32,8,"100,200,350,500",0.5,1.5,2.0,0.75,False,0.8888888888888888,0.75,0.0,133.0,0,0.0,0.617
cfg_3f965ce490,32,8,"100,200,350,500",1.0,1.5,0.75,1.25,False,0.8888888888888888,0.75,0.0,133.0,0,0.0,0.617
cfg_cc23dcfc49,32,8,"100,200,350,500",1.25,1.5,1.0,1.5,False,0.8888888888888888,0.75,0.0,133.0,0,0.0,0.617
cfg_fb0e719a84,64,16,"50,100,200,400",0.5,0.75,2.0,0.5,False,0.8888888888888888,0.75,0.0,133.0,0,0.0,0.617
cfg_5bfabd489e,64,16,"50,100,200,400",1.0,0.75,0.75,1.0,False,0.8888888888888888,0.75,0.0,133.0,0,0.0,0.617
cfg_6d880f5598,64,16,"50,100,200,400",1.25,0.75,1.0,1.5,False,0.8888888888888888,0.75,0.0,133.0,0,0.0,0.617
cfg_affbefbb6f,64,16,"50,100,200,400",1.5,0.75,1.5,0.75,False,0.8888888888888888,0.75,0.0,133.0,0,0.0,0.617
cfg_c4b7c4ad50,64,16,"100,200,350,500",0.75,1.5,0.75,1.5,False,0.8888888888888888,0.75,0.0,133.0,0,0.0,0.617
cfg_8212609136,16,4,"75,150,300,600",1.0,1.0,2.0,1.0,False,0.8888888888888888,0.75,0.0,149.0,0,0.0,0.601
cfg_1049a08379,16,4,"75,150,300,600",1.5,1.0,0.75,1.5,False,0.8888888888888888,0.75,0.0,149.0,0,0.0,0.601
cfg_45a7cacefd,32,8,"75,150,300,600",0.5,1.0,1.5,0.75,False,0.8888888888888888,0.75,0.0,149.0,0,0.0,0.601
cfg_012ba163bb,32,8,"75,150,300,600",0.75,1.0,2.0,1.25,False,0.8888888888888888,0.75,0.0,149.0,0,0.0,0.601
cfg_62e44767c6,32,8,"75,150,300,600",1.0,1.0,0.5,1.25,False,0.8888888888888888,0.75,0.0,149.0,0,0.0,0.601
cfg_4b28dba462,32,8,"75,150,300,600",1.5,1.0,1.25,0.75,False,0.8888888888888888,0.75,0.0,149.0,0,0.0,0.601
cfg_e8112af10c,64,16,"75,150,300,600",0.5,1.0,2.0,1.5,False,0.8888888888888888,0.75,0.0,149.0,0,0.0,0.601
cfg_68990d3b76,64,16,"75,150,300,600",0.75,1.0,0.5,1.5,False,0.8888888888888888,0.75,0.0,149.0,0,0.0,0.601
cfg_8f05b783e2,64,16,"75,150,300,600",1.0,1.0,1.0,0.75,False,0.8888888888888888,0.75,0.0,149.0,0,0.0,0.601
cfg_9303460dd7,64,16,"75,150,300,600",1.25,1.0,1.25,1.0,False,0.8888888888888888,0.75,0.0,149.0,0,0.0,0.601
cfg_1957e5a385,8,2,"100,200,350,500",1.25,1.25,2.0,1.5,False,0.8888888888888888,0.75,0.0,159.0,0,0.0,0.591
cfg_5d29ea3c81,8,2,"100,200,350,500",1.5,1.25,0.5,1.5,False,0.8888888888888888,0.75,0.0,159.0,0,0.0,0.591
cfg_e09f182e7c,16,4,"100,200,350,500",0.75,1.25,1.5,1.25,False,0.8888888888888888,0.75,0.0,159.0,0,0.0,0.591
cfg_ee699e2924,16,4,"100,200,350,500",1.5,1.25,1.0,1.0,False,0.8888888888888888,0.75,0.0,159.0,0,0.0,0.591
cfg_5584884d84,32,8,"40,80,160,320",1.0,0.5,2.0,1.25,False,0.8888888888888888,0.75,0.0,159.0,0,0.0,0.591
cfg_78e3438de8,32,8,"40,80,160,320",1.25,0.5,0.5,1.25,False,0.8888888888888888,0.75,0.0,159.0,0,0.0,0.591
cfg_183ad75d75,32,8,"40,80,160,320",1.5,0.5,1.0,0.5,False,0.8888888888888888,0.75,0.0,159.0,0,0.0,0.591
cfg_e05419e315,32,8,"100,200,350,500",0.5,1.25,1.5,1.5,False,0.8888888888888888,0.75,0.0,159.0,0,0.0,0.591
cfg_d80c443046,32,8,"100,200,350,500",1.25,1.25,1.0,1.25,False,0.8888888888888888,0.75,0.0,159.0,0,0.0,0.591
cfg_ab56116edc,32,8,"100,200,350,500",1.5,1.25,1.5,0.5,False,0.8888888888888888,0.75,0.0,159.0,0,0.0,0.591
cfg_b5cff4afd2,64,16,"40,80,160,320",0.5,0.5,1.5,1.0,False,0.8888888888888888,0.75,0.0,159.0,0,0.0,0.591
cfg_7090e4bb8a,64,16,"40,80,160,320",0.75,0.5,2.0,1.5,False,0.8888888888888888,0.75,0.0,159.0,0,0.0,0.591
cfg_0ca98a091f,64,16,"40,80,160,320",1.0,0.5,0.5,1.5,False,0.8888888888888888,0.75,0.0,159.0,0,0.0,0.591
cfg_01c3fb636a,64,16,"40,80,160,320",1.25,0.5,1.0,0.75,False,0.8888888888888888,0.75,0.0,159.0,0,0.0,0.591
cfg_32220cdb44,64,16,"40,80,160,320",1.5,0.5,1.25,1.0,False,0.8888888888888888,0.75,0.0,159.0,0,0.0,0.591
cfg_353bb91adc,64,16,"100,200,350,500",0.75,1.25,0.75,1.0,False,0.8888888888888888,0.75,0.0,159.0,0,0.0,0.591
cfg_f8b0567137,64,16,"100,200,350,500",1.0,1.25,1.0,1.5,False,0.8888888888888888,0.75,0.0,159.0,0,0.0,0.591
cfg_598eee0337,16,4,"100,200,350,500",1.5,1.5,1.0,1.25,False,0.7777777777777778,0.75,0.0,133.0,1,0.0,0.567
cfg_42fc9c2cca,32,8,"100,200,350,500",1.5,1.5,1.5,0.75,False,0.7777777777777778,0.75,0.0,133.0,1,0.0,0.567
cfg_25e511f589,64,16,"40,80,160,320",1.25,1.5,1.25,0.75,False,0.7777777777777778,1.0,42.857142857142854,53.0,0,0.0,0.5184285714285715
cfg_22643402e9,64,16,"40,80,160,320",1.5,1.25,1.5,0.75,False,0.7777777777777778,1.0,42.857142857142854,63.0,0,0.0,0.5084285714285715
cfg_0fe91e0be9,64,16,"50,100,200,400",1.25,1.5,1.25,1.25,False,0.7777777777777778,1.0,42.857142857142854,66.0,0,0.0,0.5054285714285713
cfg_406f3550e0,64,16,"40,80,160,320",1.5,1.0,1.5,0.5,False,0.8888888888888888,1.0,42.857142857142854,79.0,0,0.0,0.4924285714285715
cfg_5e9cb948cc,64,16,"50,100,200,400",1.25,1.25,1.25,1.0,False,0.8888888888888888,1.0,42.857142857142854,79.0,0,0.0,0.4924285714285715
cfg_eb1a646093,64,16,"50,100,200,400",1.5,1.25,1.5,1.25,False,0.8888888888888888,1.0,42.857142857142854,79.0,0,0.0,0.4924285714285715
cfg_bbef915a56,64,16,"50,100,200,400",1.5,1.0,1.5,1.0,False,0.8888888888888888,1.0,42.857142857142854,99.0,0,0.0,0.4724285714285715
cfg_ce48cf671f,64,16,"75,150,300,600",1.0,1.5,1.0,1.25,False,0.8888888888888888,1.0,42.857142857142854,99.0,0,0.0,0.4724285714285715
cfg_6c9de2b583,64,16,"50,100,200,400",1.5,1.5,2.0,0.5,False,0.4444444444444444,1.0,42.857142857142854,66.0,4,0.0,0.3054285714285713
cfg_26d6a1f7cf,64,16,"75,150,300,600",1.5,1.5,2.0,1.0,False,0.5555555555555556,1.0,42.857142857142854,99.0,4,0.0,0.27242857142857146
cfg_0a109e6725,64,16,"40,80,160,320",1.5,1.5,1.5,1.25,False,0.3333333333333333,1.0,42.857142857142854,53.0,5,0.0,0.26842857142857146
cfg_57d03e7bd2,64,16,"75,150,300,600",1.25,1.25,1.25,1.5,False,0.7777777777777778,0.75,42.857142857142854,119.0,0,0.0,0.20242857142857146
cfg_a38d733167,64,16,"75,150,300,600",1.5,1.25,2.0,0.5,False,0.7777777777777778,0.75,42.857142857142854,119.0,0,0.0,0.20242857142857146
cfg_e0c5d95532,64,16,"100,200,350,500",1.25,1.5,1.5,1.0,False,0.7777777777777778,0.75,42.857142857142854,133.0,0,0.0,0.18842857142857145
cfg_6151b1d321,16,4,"75,150,300,600",1.5,0.75,0.75,1.0,False,0.6666666666666666,0.375,0.0,199.0,0,0.0,0.176
cfg_d6036e177f,16,4,"100,200,350,500",1.0,1.0,2.0,1.5,False,0.6666666666666666,0.375,0.0,199.0,0,0.0,0.176
cfg_fd80d19174,16,4,"100,200,350,500",1.25,1.0,0.5,1.5,False,0.6666666666666666,0.375,0.0,199.0,0,0.0,0.176
cfg_d421578b3f,16,4,"100,200,350,500",1.5,1.0,1.0,0.75,False,0.6666666666666666,0.375,0.0,199.0,0,0.0,0.176
cfg_b2c50e212e,32,8,"50,100,200,400",1.25,0.5,0.75,0.5,False,0.6666666666666666,0.375,0.0,199.0,0,0.0,0.176
cfg_0e93482e6e,32,8,"50,100,200,400",1.5,0.5,1.0,1.0,False,0.6666666666666666,0.375,0.0,199.0,0,0.0,0.176
cfg_79b34fdc35,32,8,"75,150,300,600",0.75,0.75,2.0,0.75,False,0.6666666666666666,0.375,0.0,199.0,0,0.0,0.176
cfg_ee64848432,32,8,"75,150,300,600",1.0,0.75,0.5,1.0,False,0.6666666666666666,0.375,0.0,199.0,0,0.0,0.176
cfg_ac55de4aa1,32,8,"75,150,300,600",1.25,0.75,0.75,1.25,False,0.6666666666666666,0.375,0.0,199.0,0,0.0,0.176
cfg_dc45aa5e8f,32,8,"75,150,300,600",1.5,0.75,1.25,0.5,False,0.6666666666666666,0.375,0.0,199.0,0,0.0,0.176
cfg_8977cdb620,32,8,"100,200,350,500",0.5,1.0,1.5,1.25,False,0.6666666666666666,0.375,0.0,199.0,0,0.0,0.176
cfg_83b2252ed1,32,8,"100,200,350,500",1.25,1.0,1.0,1.0,False,0.6666666666666666,0.375,0.0,199.0,0,0.0,0.176
cfg_23a46baeb1,32,8,"100,200,350,500",1.5,1.0,1.25,1.25,False,0.6666666666666666,0.375,0.0,199.0,0,0.0,0.176
cfg_fdd19c783d,64,16,"50,100,200,400",0.5,0.5,1.5,1.5,False,0.6666666666666666,0.375,0.0,199.0,0,0.0,0.176
cfg_316ebd495e,64,16,"50,100,200,400",1.0,0.5,0.75,0.75,False,0.6666666666666666,0.375,0.0,199.0,0,0.0,0.176
cfg_a9dea229a5,64,16,"50,100,200,400",1.25,0.5,1.0,1.25,False,0.6666666666666666,0.375,0.0,199.0,0,0.0,0.176
cfg_eef8682c80,64,16,"50,100,200,400",1.5,0.5,1.25,1.5,False,0.6666666666666666,0.375,0.0,199.0,0,0.0,0.176
cfg_eba85c778a,64,16,"75,150,300,600",0.5,0.75,2.0,1.0,False,0.6666666666666666,0.375,0.0,199.0,0,0.0,0.176
cfg_16d1463b14,64,16,"75,150,300,600",0.75,0.75,0.5,1.25,False,0.6666666666666666,0.375,0.0,199.0,0,0.0,0.176
cfg_b5539b3039,64,16,"75,150,300,600",1.0,0.75,0.75,1.5,False,0.6666666666666666,0.375,0.0,199.0,0,0.0,0.176
cfg_303218ce80,64,16,"75,150,300,600",1.25,0.75,1.25,0.75,False,0.6666666666666666,0.375,0.0,199.0,0,0.0,0.176
cfg_8408116477,64,16,"75,150,300,600",1.5,0.75,1.5,1.25,False,0.6666666666666666,0.375,0.0,199.0,0,0.0,0.176
cfg_6cb819ef48,64,16,"100,200,350,500",0.75,1.0,0.75,0.75,False,0.6666666666666666,0.375,0.0,199.0,0,0.0,0.176
cfg_6177248a31,64,16,"100,200,350,500",1.0,1.0,1.0,1.25,False,0.6666666666666666,0.375,0.0,199.0,0,0.0,0.176
cfg_0bb69c1d9e,64,16,"100,200,350,500",1.25,1.0,1.25,1.5,False,0.6666666666666666,0.375,0.0,199.0,0,0.0,0.176
cfg_78232566bb,64,16,"75,150,300,600",1.5,1.0,1.5,1.5,False,0.7777777777777778,0.75,42.857142857142854,149.0,0,0.0,0.17242857142857143
cfg_0bd0b4c0ba,64,16,"100,200,350,500",1.25,1.25,1.5,0.75,False,0.7777777777777778,0.75,42.857142857142854,159.0,0,0.0,0.16242857142857142
cfg_94b4e0b636,64,16,"100,200,350,500",1.5,1.25,2.0,1.0,False,0.7777777777777778,0.75,42.857142857142854,159.0,0,0.0,0.16242857142857142
cfg_e4519931f7,64,16,"100,200,350,500",1.5,1.5,2.0,1.5,False,0.6666666666666666,0.75,42.857142857142854,133.0,2,0.0,0.08842857142857144
cfg_aa7f518759,16,4,"100,200,350,500",1.25,0.75,0.5,1.25,False,0.6666666666666666,0.25,0.0,266.0,0,0.0,-0.016000000000000014
cfg_f8742670da,16,4,"100,200,350,500",1.5,0.75,0.75,1.5,False,0.6666666666666666,0.25,0.0,266.0,0,0.0,-0.016000000000000014
cfg_db82da7c7a,32,8,"100,200,350,500",0.75,0.75,2.0,1.25,False,0.6666666666666666,0.25,0.0,266.0,0,0.0,-0.016000000000000014
cfg_1185e2e215,32,8,"100,200,350,500",1.0,0.75,0.5,1.5,False,0.6666666666666666,0.25,0.0,266.0,0,0.0,-0.016000000000000014
cfg_9f6268bb1b,32,8,"100,200,350,500",1.25,0.75,1.0,0.5,False,0.6666666666666666,0.25,0.0,266.0,0,0.0,-0.016000000000000014
cfg_797cfff889,32,8,"100,200,350,500",1.5,0.75,1.25,1.0,False,0.6666666666666666,0.25,0.0,266.0,0,0.0,-0.016000000000000014
cfg_341b885320,64,16,"100,200,350,500",0.5,0.75,2.0,1.5,False,0.6666666666666666,0.25,0.0,266.0,0,0.0,-0.016000000000000014
cfg_353a2aa91c,64,16,"100,200,350,500",0.75,0.75,0.75,0.5,False,0.6666666666666666,0.25,0.0,266.0,0,0.0,-0.016000000000000014
cfg_c439ac19f7,64,16,"100,200,350,500",1.0,0.75,1.0,0.75,False,0.6666666666666666,0.25,0.0,266.0,0,0.0,-0.016000000000000014
cfg_c0a15da4fe,64,16,"100,200,350,500",1.25,0.75,1.25,1.25,False,0.6666666666666666,0.25,0.0,266.0,0,0.0,-0.016000000000000014
cfg_cea8fc88de,64,16,"100,200,350,500",1.5,0.75,2.0,0.5,False,0.6666666666666666,0.25,0.0,266.0,0,0.0,-0.016000000000000014
cfg_f1b9e91dcf,32,8,"75,150,300,600",1.0,0.5,0.5,0.5,False,0.6666666666666666,0.25,0.0,299.0,0,0.0,-0.04899999999999999
cfg_def323ff5c,32,8,"75,150,300,600",1.25,0.5,0.75,1.0,False,0.6666666666666666,0.25,0.0,299.0,0,0.0,-0.04899999999999999
cfg_facae65dc4,32,8,"75,150,300,600",1.5,0.5,1.0,1.5,False,0.6666666666666666,0.25,0.0,299.0,0,0.0,-0.04899999999999999
cfg_9b504d6ca1,64,16,"75,150,300,600",0.5,0.5,2.0,0.75,False,0.6666666666666666,0.25,0.0,299.0,0,0.0,-0.04899999999999999
cfg_75f4723a53,64,16,"75,150,300,600",0.75,0.5,0.5,0.75,False,0.6666666666666666,0.25,0.0,299.0,0,0.0,-0.04899999999999999
cfg_8d23d8061f,64,16,"75,150,300,600",1.0,0.5,0.75,1.25,False,0.6666666666666666,0.25,0.0,299.0,0,0.0,-0.04899999999999999
cfg_a2daec9d23,64,16,"75,150,300,600",1.25,0.5,1.25,0.5,False,0.6666666666666666,0.25,0.0,299.0,0,0.0,-0.04899999999999999
cfg_cb0a01eb03,64,16,"75,150,300,600",1.5,0.5,1.5,0.75,False,0.6666666666666666,0.25,0.0,299.0,0,0.0,-0.04899999999999999
cfg_eab8e0818e,16,4,"40,80,160,320",1.25,1.5,0.5,0.75,False,0.6666666666666666,1.0,0.0,53.0,0,1.0,-0.05300000000000005
cfg_6036882dbf,32,8,"40,80,160,320",0.5,1.5,1.5,0.5,False,0.7777777777777778,1.0,0.0,53.0,0,1.0,-0.05300000000000005
cfg_1690487b14,32,8,"40,80,160,320",1.0,1.5,0.5,1.0,False,0.7777777777777778,1.0,0.0,53.0,0,1.0,-0.05300000000000005
cfg_ab9531f404,64,16,"40,80,160,320",0.75,1.5,0.5,1.25,False,0.7777777777777778,1.0,0.0,53.0,0,1.0,-0.05300000000000005
cfg_bcd62706da,16,4,"40,80,160,320",1.25,1.25,0.5,0.5,False,0.5555555555555556,1.0,0.0,63.0,0,1.0,-0.06299999999999994
cfg_d432ab3748,16,4,"40,80,160,320",1.5,1.25,0.75,0.75,False,0.7777777777777778,1.0,0.0,63.0,0,1.0,-0.06299999999999994
cfg_d22fc88dff,32,8,"40,80,160,320",1.0,1.25,0.5,0.75,False,0.7777777777777778,1.0,0.0,63.0,0,1.0,-0.06299999999999994
cfg_4c2d566b3d,64,16,"40,80,160,320",0.75,1.25,0.5,1.0,False,0.7777777777777778,1.0,0.0,63.0,0,1.0,-0.06299999999999994
cfg_f63223ad86,16,4,"50,100,200,400",1.25,1.5,0.5,1.25,False,0.7777777777777778,1.0,0.0,66.0,0,1.0,-0.06600000000000006
cfg_e906ce6de3,32,8,"50,100,200,400",1.0,1.5,0.5,1.5,False,0.7777777777777778,1.0,0.0,66.0,0,1.0,-0.06600000000000006
cfg_913c956865,32,8,"50,100,200,400",1.25,1.5,1.0,0.5,False,0.7777777777777778,1.0,0.0,66.0,0,1.0,-0.06600000000000006
cfg_310f2ba06b,64,16,"50,100,200,400",0.75,1.5,0.75,0.5,False,0.6666666666666666,1.0,0.0,66.0,0,1.0,-0.06600000000000006
cfg_15f51c787c,8,2,"50,100,200,400",1.5,1.25,0.5,0.75,False,0.8888888888888888,1.0,0.0,79.0,0,1.0,-0.07899999999999996
cfg_4a490ffa0b,16,4,"40,80,160,320",1.5,1.0,0.75,0.5,False,0.8888888888888888,1.0,0.0,79.0,0,1.0,-0.07899999999999996
cfg_86c5699fb1,16,4,"50,100,200,400",1.25,1.25,0.5,1.0,False,0.8888888888888888,1.0,0.0,79.0,0,1.0,-0.07899999999999996
cfg_e6f05ce2be,32,8,"40,80,160,320",1.25,1.0,0.75,0.75,False,0.8888888888888888,1.0,0.0,79.0,0,1.0,-0.07899999999999996
cfg_916e6905fc,32,8,"50,100,200,400",1.0,1.25,0.5,1.25,False,0.8888888888888888,1.0,0.0,79.0,0,1.0,-0.07899999999999996
cfg_59ac16fb6a,64,16,"40,80,160,320",0.75,1.0,0.5,0.5,False,0.7777777777777778,1.0,0.0,79.0,0,1.0,-0.07899999999999996
cfg_99dc11fa7b,64,16,"50,100,200,400",0.75,1.25,0.5,1.25,False,0.8888888888888888,1.0,0.0,79.0,0,1.0,-0.07899999999999996
cfg_a17281653d,64,16,"50,100,200,400",1.0,1.25,1.0,0.5,False,0.8888888888888888,1.0,0.0,79.0,0,1.0,-0.07899999999999996
cfg_39231e7544,16,4,"50,100,200,400",1.25,1.0,0.5,0.5,False,0.8888888888888888,1.0,0.0,99.0,0,1.0,-0.09899999999999998
cfg_291db256ac,16,4,"75,150,300,600",1.25,1.5,0.75,0.5,False,0.8888888888888888,1.0,0.0,99.0,0,1.0,-0.09899999999999998
cfg_8fa09efc4c,32,8,"50,100,200,400",1.0,1.0,0.5,0.75,False,0.8888888888888888,1.0,0.0,99.0,0,1.0,-0.09899999999999998
cfg_203ea76416,32,8,"75,150,300,600",1.0,1.5,0.75,0.75,False,0.8888888888888888,1.0,0.0,99.0,0,1.0,-0.09899999999999998
cfg_8b154d71fb,64,16,"50,100,200,400",0.75,1.0,0.5,1.0,False,0.8888888888888888,1.0,0.0,99.0,0,1.0,-0.09899999999999998
cfg_016d17091f,64,16,"75,150,300,600",0.5,1.5,0.5,0.5,False,0.6666666666666666,1.0,0.0,99.0,0,1.0,-0.09899999999999998
cfg_a58e68b932,64,16,"75,150,300,600",0.75,1.5,0.75,1.0,False,0.8888888888888888,1.0,0.0,99.0,0,1.0,-0.09899999999999998
cfg_2ec474e324,32,8,"100,200,350,500",1.0,0.5,0.5,1.0,False,0.6666666666666666,0.25,0.0,399.0,0,0.0,-0.14900000000000002
cfg_948615aeea,32,8,"100,200,350,500",1.25,0.5,0.75,1.5,False,0.6666666666666666,0.25,0.0,399.0,0,0.0,-0.14900000000000002
cfg_14f52f6107,32,8,"100,200,350,500",1.5,0.5,1.25,0.75,False,0.6666666666666666,0.25,0.0,399.0,0,0.0,-0.14900000000000002
cfg_c65336e24d,64,16,"100,200,350,500",0.5,0.5,2.0,1.25,False,0.6666666666666666,0.25,0.0,399.0,0,0.0,-0.14900000000000002
cfg_fbad417a8b,64,16,"100,200,350,500",0.75,0.5,0.5,1.25,False,0.6666666666666666,0.25,0.0,399.0,0,0.0,-0.14900000000000002
cfg_0116044caf,64,16,"100,200,350,500",1.0,0.5,1.0,0.5,False,0.6666666666666666,0.25,0.0,399.0,0,0.0,-0.14900000000000002
cfg_e2d5ba098c,64,16,"100,200,350,500",1.25,0.5,1.25,1.0,False,0.6666666666666666,0.25,0.0,399.0,0,0.0,-0.14900000000000002
cfg_0c4012d06f,64,16,"100,200,350,500",1.5,0.5,1.5,1.25,False,0.6666666666666666,0.25,0.0,399.0,0,0.0,-0.14900000000000002
cfg_0cd53171f8,8,2,"50,100,200,400",1.5,1.5,0.5,1.0,False,0.5555555555555556,1.0,0.0,66.0,3,1.0,-0.21600000000000008
cfg_e1b23a34d5,16,4,"50,100,200,400",1.5,1.5,1.0,0.5,False,0.5555555555555556,1.0,0.0,66.0,3,1.0,-0.21600000000000008
cfg_d7513da6f9,8,2,"75,150,300,600",1.5,1.5,0.5,1.5,False,0.6666666666666666,1.0,0.0,99.0,3,1.0,-0.249
cfg_b3de80ba4c,16,4,"75,150,300,600",1.5,1.5,1.0,0.75,False,0.6666666666666666,1.0,0.0,99.0,3,1.0,-0.249
cfg_dbf764be5b,64,16,"100,200,350,500",1.5,1.0,2.0,0.75,False,0.5555555555555556,0.375,42.857142857142854,199.0,0,0.0,-0.25257142857142856
cfg_7c394cd5b0,8,2,"40,80,160,320",1.5,1.5,0.5,0.5,False,0.4444444444444444,1.0,0.0,53.0,4,1.0,-0.2530000000000001
cfg_2a95f0ff2e,32,8,"40,80,160,320",1.5,1.5,1.25,0.5,False,0.4444444444444444,1.0,0.0,53.0,4,1.0,-0.2530000000000001
cfg_c59df677ec,32,8,"40,80,160,320",1.25,0.75,0.75,0.5,False,0.7777777777777778,0.75,0.0,106.0,0,1.0,-0.356
cfg_64b3f0b1fb,8,2,"75,150,300,600",1.5,1.25,0.5,1.25,False,0.7777777777777778,0.75,0.0,119.0,0,1.0,-0.369
cfg_c67bf6f0b5,16,4,"75,150,300,600",1.25,1.25,0.5,1.25,False,0.7777777777777778,0.75,0.0,119.0,0,1.0,-0.369
cfg_dda71a8238,16,4,"75,150,300,600",1.5,1.25,1.0,0.5,False,0.7777777777777778,0.75,0.0,119.0,0,1.0,-0.369
cfg_2ac564fe0b,64,16,"75,150,300,600",0.75,1.25,0.75,0.5,False,0.7777777777777778,0.75,0.0,119.0,0,1.0,-0.369
cfg_a688cf1c98,16,4,"100,200,350,500",1.0,1.5,0.5,0.5,False,0.5555555555555556,0.75,0.0,133.0,0,1.0,-0.383
cfg_c052cd8036,16,4,"100,200,350,500",1.25,1.5,0.75,1.0,False,0.7777777777777778,0.75,0.0,133.0,0,1.0,-0.383
cfg_437dd90406,32,8,"50,100,200,400",1.0,0.75,0.5,0.5,False,0.7777777777777778,0.75,0.0,133.0,0,1.0,-0.383
cfg_5a66e630a2,32,8,"100,200,350,500",0.75,1.5,0.5,0.75,False,0.7777777777777778,0.75,0.0,133.0,0,1.0,-0.383
cfg_3ffbbd11c7,64,16,"50,100,200,400",0.75,0.75,0.5,0.75,False,0.7777777777777778,0.75,0.0,133.0,0,1.0,-0.383
cfg_4ff0a2bfd8,64,16,"100,200,350,500",0.5,1.5,0.5,1.0,False,0.7777777777777778,0.75,0.0,133.0,0,1.0,-0.383
cfg_a74568309c,16,4,"75,150,300,600",1.25,1.0,0.5,1.0,False,0.7777777777777778,0.75,0.0,149.0,0,1.0,-0.399
cfg_0380f207f2,32,8,"75,150,300,600",1.25,1.0,1.0,0.5,False,0.7777777777777778,0.75,0.0,149.0,0,1.0,-0.399
cfg_68ef002270,16,4,"100,200,350,500",1.25,1.25,0.75,0.5,False,0.7777777777777778,0.75,0.0,159.0,0,1.0,-0.40900000000000003
cfg_a64c8e2883,32,8,"100,200,350,500",0.75,1.25,0.5,0.5,False,0.7777777777777778,0.75,0.0,159.0,0,1.0,-0.40900000000000003
cfg_58aee22246,32,8,"100,200,350,500",1.0,1.25,0.75,0.75,False,0.7777777777777778,0.75,0.0,159.0,0,1.0,-0.40900000000000003
cfg_b5c0afa78e,64,16,"100,200,350,500",0.5,1.25,0.5,0.75,False,0.7777777777777778,0.75,0.0,159.0,0,1.0,-0.40900000000000003
cfg_027c6e641c,8,2,"100,200,350,500",1.5,1.5,0.75,0.75,False,0.7777777777777778,0.75,0.0,133.0,1,1.0,-0.43300000000000005
cfg_5f165eade7,64,16,"40,80,160,320",1.0,1.5,1.0,0.5,False,0.6666666666666666,1.0,42.857142857142854,53.0,0,1.0,-0.48157142857142854
cfg_d8d34d9375,64,16,"40,80,160,320",1.25,1.25,1.25,0.5,False,0.6666666666666666,1.0,42.857142857142854,63.0,0,1.0,-0.49157142857142855
cfg_8902976c74,64,16,"50,100,200,400",1.0,1.5,1.0,0.75,False,0.6666666666666666,1.0,42.857142857142854,66.0,0,1.0,-0.49457142857142866
cfg_25dea27965,64,16,"75,150,300,600",1.25,1.5,1.5,0.5,False,0.7777777777777778,1.0,42.857142857142854,99.0,0,1.0,-0.5275714285714286
cfg_79c2529976,64,16,"100,200,350,500",1.0,1.5,1.25,0.5,False,0.6666666666666666,0.75,42.857142857142854,133.0,0,1.0,-0.8115714285714286
cfg_6b55e71e8f,16,4,"75,150,300,600",1.25,0.75,0.5,0.75,False,0.5555555555555556,0.375,0.0,199.0,0,1.0,-0.8240000000000001
cfg_14fbc308d5,32,8,"100,200,350,500",1.0,1.0,0.75,0.5,False,0.5555555555555556,0.375,0.0,199.0,0,1.0,-0.8240000000000001
cfg_97c5e89129,8,2,"40,80,160,320",0.5,0.5,0.5,0.5,False,0.5555555555555556,0.0,0.0,1000.0,0,0.0,-1.0
cfg_371001a588,8,2,"40,80,160,320",0.5,0.75,0.5,0.75,False,0.5555555555555556,0.0,0.0,1000.0,0,0.0,-1.0
cfg_18d90374b6,8,2,"40,80,160,320",0.5,1.0,0.5,1.0,False,0.5555555555555556,0.0,0.0,1000.0,0,0.0,-1.0
cfg_a94801a610,8,2,"40,80,160,320",0.5,1.25,0.5,1.25,False,0.5555555555555556,0.0,0.0,1000.0,0,0.0,-1.0
cfg_a72978a5a9,8,2,"40,80,160,320",0.5,1.5,0.75,0.5,False,0.5555555555555556,0.0,0.0,1000.0,0,0.0,-1.0
cfg_91acb2e68c,8,2,"40,80,160,320",0.75,0.5,0.75,0.75,False,0.5555555555555556,0.0,0.0,1000.0,0,0.0,-1.0
cfg_63ba01fb7e,8,2,"40,80,160,320",0.75,0.75,0.75,1.0,False,0.5555555555555556,0.0,0.0,1000.0,0,0.0,-1.0
cfg_896f09762b,8,2,"40,80,160,320",0.75,1.0,0.75,1.5,False,0.5555555555555556,0.0,0.0,1000.0,0,0.0,-1.0
cfg_67c22420f7,8,2,"40,80,160,320",0.75,1.25,1.0,0.5,False,0.5555555555555556,0.0,0.0,1000.0,0,0.0,-1.0
cfg_1ff4a9203c,8,2,"40,80,160,320",0.75,1.5,1.0,0.75,False,0.5555555555555556,0.0,0.0,1000.0,0,0.0,-1.0
cfg_95ae2a4851,8,2,"40,80,160,320",1.0,0.5,1.0,1.25,False,0.5555555555555556,0.0,0.0,1000.0,0,0.0,-1.0
cfg_f98123005d,8,2,"40,80,160,320",1.0,0.75,1.0,1.5,False,0.5555555555555556,0.0,0.0,1000.0,0,0.0,-1.0
cfg_34aaa96f9e,8,2,"40,80,160,320",1.0,1.0,1.25,0.5,False,0.5555555555555556,0.0,0.0,1000.0,0,0.0,-1.0
cfg_0c2af89d21,8,2,"40,80,160,320",1.0,1.25,1.25,1.0,False,0.5555555555555556,0.0,0.0,1000.0,0,0.0,-1.0
cfg_5d2fc1ec68,8,2,"40,80,160,320",1.0,1.5,1.25,1.25,False,0.5555555555555556,0.0,0.0,1000.0,0,0.0,-1.0
cfg_2d15a07c7d,8,2,"40,80,160,320",1.25,0.5,1.25,1.5,False,0.5555555555555556,0.0,0.0,1000.0,0,0.0,-1.0
cfg_0fb1d5ffb3,8,2,"40,80,160,320",1.25,0.75,1.5,0.75,False,0.5555555555555556,0.0,0.0,1000.0,0,0.0,-1.0
cfg_8d3d12ff8e,8,2,"40,80,160,320",1.25,1.0,1.5,1.0,False,0.5555555555555556,0.0,0.0,1000.0,0,0.0,-1.0
cfg_43448a74f3,8,2,"40,80,160,320",1.5,0.5,2.0,0.75,False,0.5555555555555556,0.0,0.0,1000.0,0,0.0,-1.0
cfg_803f3e4a32,8,2,"40,80,160,320",1.5,0.75,2.0,1.0,False,0.5555555555555556,0.0,0.0,1000.0,0,0.0,-1.0
cfg_f278748b79,8,2,"40,80,160,320",1.5,1.0,2.0,1.5,False,0.5555555555555556,0.0,0.0,1000.0,0,0.0,-1.0
cfg_c4e8566ca8,8,2,"50,100,200,400",0.5,0.5,0.5,0.75,False,0.5555555555555556,0.0,0.0,1000.0,0,0.0,-1.0
cfg_2846d43b09,8,2,"50,100,200,400",0.5,0.75,0.5,1.25,False,0.5555555555555556,0.0,0.0,1000.0,0,0.0,-1.0
cfg_fb65219ce7,8,2,"50,100,200,400",0.5,1.0,0.5,1.5,False,0.5555555555555556,0.0,0.0,1000.0,0,0.0,-1.0
cfg_cf66223571,8,2,"50,100,200,400",0.5,1.25,0.75,0.5,False,0.5555555555555556,0.0,0.0,1000.0,0,0.0,-1.0
cfg_cd14ed3aef,8,2,"50,100,200,400",0.5,1.5,0.75,1.0,False,0.5555555555555556,0.0,0.0,1000.0,0,0.0,-1.0
cfg_fb18105f27,8,2,"50,100,200,400",0.75,0.5,0.75,1.25,False,0.5555555555555556,0.0,0.0,1000.0,0,0.0,-1.0
cfg_9a0c6aaa61,8,2,"50,100,200,400",0.75,0.75,0.75,1.5,False,0.5555555555555556,0.0,0.0,1000.0,0,0.0,-1.0
cfg_97f15c1634,8,2,"50,100,200,400",0.75,1.0,1.0,0.75,False,0.5555555555555556,0.0,0.0,1000.0,0,0.0,-1.0
cfg_1b1709cd74,8,2,"50,100,200,400",0.75,1.25,1.0,1.0,False,0.5555555555555556,0.0,0.0,1000.0,0,0.0,-1.0
cfg_bc542d609e,8,2,"50,100,200,400",0.75,1.5,1.0,1.25,False,0.5555555555555556,0.0,0.0,1000.0,0,0.0,-1.0
cfg_9157736357,8,2,"50,100,200,400",1.0,0.5,1.25,0.5,False,0.5555555555555556,0.0,0.0,1000.0,0,0.0,-1.0
cfg_0de04a0e75,8,2,"50,100,200,400",1.0,0.75,1.25,0.75,False,0.5555555555555556,0.0,0.0,1000.0,0,0.0,-1.0
cfg_ca029b6b10,8,2,"50,100,200,400",1.0,1.0,1.25,1.0,False,0.5555555555555556,0.0,0.0,1000.0,0,0.0,-1.0
cfg_2c61afaac5,8,2,"50,100,200,400",1.0,1.25,1.25,1.5,False,0.5555555555555556,0.0,0.0,1000.0,0,0.0,-1.0
cfg_2d864c1a4d,8,2,"50,100,200,400",1.0,1.5,1.5,0.5,False,0.5555555555555556,0.0,0.0,1000.0,0,0.0,-1.0
cfg_ad8b330a13,8,2,"50,100,200,400",1.25,0.5,1.5,0.75,False,0.5555555555555556,0.0,0.0,1000.0,0,0.0,-1.0
cfg_7b6113a503,8,2,"50,100,200,400",1.25,0.75,1.5,1.25,False,0.5555555555555556,0.0,0.0,1000.0,0,0.0,-1.0
cfg_a98f41fe64,8,2,"50,100,200,400",1.25,1.0,1.5,1.5,False,0.5555555555555556,0.0,0.0,1000.0,0,0.0,-1.0
cfg_f3381bede1,8,2,"50,100,200,400",1.5,0.5,2.0,1.25,False,0.5555555555555556,0.0,0.0,1000.0,0,0.0,-1.0
cfg_aa0cda192c,8,2,"50,100,200,400",1.5,0.75,2.0,1.5,False,0.5555555555555556,0.0,0.0,1000.0,0,0.0,-1.0
cfg_9eba617877,8,2,"75,150,300,600",0.5,0.5,0.5,1.25,False,0.5555555555555556,0.0,0.0,1000.0,0,0.0,-1.0
cfg_406e223c02,8,2,"75,150,300,600",0.5,0.75,0.75,0.5,False,0.5555555555555556,0.0,0.0,1000.0,0,0.0,-1.0
cfg_96216801ad,8,2,"75,150,300,600",0.5,1.0,0.75,0.75,False,0.5555555555555556,0.0,0.0,1000.0,0,0.0,-1.0
cfg_8fe635b918,8,2,"75,150,300,600",0.5,1.25,0.75,1.0,False,0.5555555555555556,0.0,0.0,1000.0,0,0.0,-1.0
cfg_80222e9b35,8,2,"75,150,300,600",0.5,1.5,0.75,1.5,False,0.5555555555555556,0.0,0.0,1000.0,0,0.0,-1.0
cfg_e9dfb3cc59,8,2,"75,150,300,600",0.75,0.5,1.0,0.5,False,0.5555555555555556,0.0,0.0,1000.0,0,0.0,-1.0
cfg_21feb33085,8,2,"75,150,300,600",0.75,0.75,1.0,0.75,False,0.5555555555555556,0.0,0.0,1000.0,0,0.0,-1.0
cfg_bbe5dbc5cf,8,2,"75,150,300,600",0.75,1.0,1.0,1.25,False,0.5555555555555556,0.0,0.0,1000.0,0,0.0,-1.0
cfg_ade6bc0e2b,8,2,"75,150,300,600",0.75,1.25,1.0,1.5,False,0.5555555555555556,0.0,0.0,1000.0,0,0.0,-1.0
cfg_99789ce7d6,8,2,"75,150,300,600",0.75,1.5,1.25,0.5,False,0.5555555555555556,0.0,0.0,1000.0,0,0.0,-1.0
cfg_5c56ca3336,8,2,"75,150,300,600",1.0,0.5,1.25,1.0,False,0.5555555555555556,0.0,0.0,1000.0,0,0.0,-1.0
cfg_a76e690449,8,2,"75,150,300,600",1.0,0.75,1.25,1.25,False,0.5555555555555556,0.0,0.0,1000.0,0,0.0,-1.0
cfg_d1665b053d,8,2,"75,150,300,600",1.0,1.0,1.25,1.5,False,0.5555555555555556,0.0,0.0,1000.0,0,0.0,-1.0
cfg_17d2c92817,8,2,"75,150,300,600",1.0,1.25,1.5,0.75,False,0.5555555555555556,0.0,0.0,1000.0,0,0.0,-1.0
cfg_c4585111af,8,2,"75,150,300,600",1.0,1.5,1.5,1.0,False,0.5555555555555556,0.0,0.0,1000.0,0,0.0,-1.0
cfg_d6c26a87ca,8,2,"75,150,300,600",1.25,0.5,1.5,1.25,False,0.5555555555555556,0.0,0.0,1000.0,0,0.0,-1.0
cfg_a55b81e189,8,2,"75,150,300,600",1.25,0.75,2.0,0.5,False,0.5555555555555556,0.0,0.0,1000.0,0,0.0,-1.0
cfg_79631ecfb0,8,2,"75,150,300,600",1.25,1.0,2.0,0.75,False,0.5555555555555556,0.0,0.0,1000.0,0,0.0,-1.0
cfg_1e05beb242,8,2,"75,150,300,600",1.5,0.75,0.5,0.5,False,0.5555555555555556,0.0,0.0,1000.0,0,0.0,-1.0
cfg_f0754c94f7,8,2,"75,150,300,600",1.5,1.0,0.5,0.75,False,0.5555555555555556,0.0,0.0,1000.0,0,0.0,-1.0
cfg_6b7366cc6c,8,2,"100,200,350,500",0.5,0.5,0.75,0.5,False,0.5555555555555556,0.0,0.0,1000.0,0,0.0,-1.0
cfg_e6afe4c211,8,2,"100,200,350,500",0.5,0.75,0.75,1.0,False,0.5555555555555556,0.0,0.0,1000.0,0,0.0,-1.0
cfg_4abb139751,8,2,"100,200,350,500",0.5,1.0,0.75,1.25,False,0.5555555555555556,0.0,0.0,1000.0,0,0.0,-1.0
cfg_fb2c061f88,8,2,"100,200,350,500",0.5,1.25,0.75,1.5,False,0.5555555555555556,0.0,0.0,1000.0,0,0.0,-1.0
cfg_b2181a0047,8,2,"100,200,350,500",0.5,1.5,1.0,0.75,False,0.5555555555555556,0.0,0.0,1000.0,0,0.0,-1.0
cfg_1a3ce56abf,8,2,"100,200,350,500",0.75,0.5,1.0,1.0,False,0.5555555555555556,0.0,0.0,1000.0,0,0.0,-1.0
cfg_70f9b00ee7,8,2,"100,200,350,500",0.75,0.75,1.0,1.25,False,0.5555555555555556,0.0,0.0,1000.0,0,0.0,-1.0
cfg_0d5bfad3e6,8,2,"100,200,350,500",0.75,1.0,1.0,1.5,False,0.5555555555555556,0.0,0.0,1000.0,0,0.0,-1.0
cfg_0eaae533b7,8,2,"100,200,350,500",0.75,1.25,1.25,0.75,False,0.5555555555555556,0.0,0.0,1000.0,0,0.0,-1.0
cfg_07888cba15,8,2,"100,200,350,500",0.75,1.5,1.25,1.0,False,0.5555555555555556,0.0,0.0,1000.0,0,0.0,-1.0
cfg_abe185a7d9,8,2,"100,200,350,500",1.0,0.5,1.25,1.25,False,0.5555555555555556,0.0,0.0,1000.0,0,0.0,-1.0
cfg_2001b0d0f1,8,2,"100,200,350,500",1.0,0.75,1.5,0.5,False,0.5555555555555556,0.0,0.0,1000.0,0,0.0,-1.0
cfg_0712da0db5,8,2,"100,200,350,500",1.0,1.0,1.5,0.75,False,0.5555555555555556,0.0,0.0,1000.0,0,0.0,-1.0
cfg_d61315db1f,8,2,"100,200,350,500",1.0,1.25,1.5,1.0,False,0.5555555555555556,0.0,0.0,1000.0,0,0.0,-1.0
cfg_7289566632,8,2,"100,200,350,500",1.0,1.5,1.5,1.5,False,0.5555555555555556,0.0,0.0,1000.0,0,0.0,-1.0
cfg_913bcc0fb3,8,2,"100,200,350,500",1.25,0.5,2.0,0.5,False,0.5555555555555556,0.0,0.0,1000.0,0,0.0,-1.0
cfg_a30623c935,8,2,"100,200,350,500",1.25,0.75,2.0,0.75,False,0.5555555555555556,0.0,0.0,1000.0,0,0.0,-1.0
cfg_e869a71420,8,2,"100,200,350,500",1.25,1.0,2.0,1.25,False,0.5555555555555556,0.0,0.0,1000.0,0,0.0,-1.0
cfg_d7336aa8b2,8,2,"100,200,350,500",1.5,0.5,0.5,0.5,False,0.5555555555555556,0.0,0.0,1000.0,0,0.0,-1.0
cfg_08d58cbebf,8,2,"100,200,350,500",1.5,0.75,0.5,1.0,False,0.5555555555555556,0.0,0.0,1000.0,0,0.0,-1.0
cfg_afe4a08b1f,8,2,"100,200,350,500",1.5,1.0,0.5,1.25,False,0.5555555555555556,0.0,0.0,1000.0,0,0.0,-1.0
cfg_8654de8131,16,4,"40,80,160,320",0.5,0.5,0.75,1.0,False,0.5555555555555556,0.0,0.0,1000.0,0,0.0,-1.0
cfg_c10d41e57f,16,4,"40,80,160,320",0.5,0.75,0.75,1.25,False,0.5555555555555556,0.0,0.0,1000.0,0,0.0,-1.0
cfg_829a65f609,16,4,"40,80,160,320",0.5,1.0,1.0,0.5,False,0.5555555555555556,0.0,0.0,1000.0,0,0.0,-1.0
cfg_6dff1f529c,16,4,"40,80,160,320",0.5,1.25,1.0,0.75,False,0.5555555555555556,0.0,0.0,1000.0,0,0.0,-1.0
cfg_308a415a6c,16,4,"40,80,160,320",0.5,1.5,1.0,1.0,False,0.5555555555555556,0.0,0.0,1000.0,0,0.0,-1.0
cfg_1ea2d2fd04,16,4,"40,80,160,320",0.75,0.5,1.0,1.5,False,0.5555555555555556,0.0,0.0,1000.0,0,0.0,-1.0
cfg_05923773c6,16,4,"40,80,160,320",0.75,0.75,1.25,0.5,False,0.5555555555555556,0.0,0.0,1000.0,0,0.0,-1.0
cfg_ce51db6134,16,4,"40,80,160,320",0.75,1.0,1.25,0.75,False,0.5555555555555556,0.0,0.0,1000.0,0,0.0,-1.0
cfg_85b8c74197,16,4,"40,80,160,320",1.0,0.5,1.5,0.5,False,0.5555555555555556,0.0,0.0,1000.0,0,0.0,-1.0
cfg_fd7f3f60a0,16,4,"40,80,160,320",1.0,0.75,1.5,1.0,False,0.5555555555555556,0.0,0.0,1000.0,0,0.0,-1.0
cfg_26c4b135f6,16,4,"40,80,160,320",1.25,0.5,2.0,1.0,False,0.5555555555555556,0.0,0.0,1000.0,0,0.0,-1.0
cfg_77d438f810,16,4,"40,80,160,320",1.5,0.5,0.5,1.0,False,0.5555555555555556,0.0,0.0,1000.0,0,0.0,-1.0
cfg_25d7c5419c,16,4,"50,100,200,400",0.5,0.5,0.75,1.5,False,0.5555555555555556,0.0,0.0,1000.0,0,0.0,-1.0
cfg_96017e1974,16,4,"50,100,200,400",0.5,0.75,1.0,0.5,False,0.5555555555555556,0.0,0.0,1000.0,0,0.0,-1.0
cfg_78da5c8470,16,4,"50,100,200,400",0.5,1.0,1.0,1.0,False,0.5555555555555556,0.0,0.0,1000.0,0,0.0,-1.0
cfg_e0fe6eaa1f,16,4,"50,100,200,400",0.5,1.25,1.0,1.25,False,0.5555555555555556,0.0,0.0,1000.0,0,0.0,-1.0
cfg_cdd0c1e637,16,4,"50,100,200,400",0.5,1.5,1.0,1.5,False,0.5555555555555556,0.0,0.0,1000.0,0,0.0,-1.0
cfg_20abbcf66f,16,4,"50,100,200,400",0.75,0.5,1.25,0.75,False,0.5555555555555556,0.0,0.0,1000.0,0,0.0,-1.0
cfg_18f21b49f7,16,4,"50,100,200,400",0.75,0.75,1.25,1.0,False,0.5555555555555556,0.0,0.0,1000.0,0,0.0,-1.0
cfg_9d6b45a549,16,4,"50,100,200,400",0.75,1.0,1.25,1.25,False,0.5555555555555556,0.0,0.0,1000.0,0,0.0,-1.0
cfg_0583c3449e,16,4,"50,100,200,400",1.0,0.5,1.5,1.0,False,0.5555555555555556,0.0,0.0,1000.0,0,0.0,-1.0
cfg_8ead86ee4c,16,4,"50,100,200,400",1.0,0.75,1.5,1.5,False,0.5555555555555556,0.0,0.0,1000.0,0,0.0,-1.0
cfg_345eb9f941,16,4,"50,100,200,400",1.25,0.5,2.0,1.5,False,0.5555555555555556,0.0,0.0,1000.0,0,0.0,-1.0
cfg_123658e466,16,4,"50,100,200,400",1.5,0.5,0.5,1.5,False,0.5555555555555556,0.0,0.0,1000.0,0,0.0,-1.0
cfg_58ff0ba862,16,4,"75,150,300,600",0.5,0.5,1.0,0.75,False,0.5555555555555556,0.0,0.0,1000.0,0,0.0,-1.0
cfg_92ba548fe9,16,4,"75,150,300,600",0.5,0.75,1.0,1.0,False,0.5555555555555556,0.0,0.0,1000.0,0,0.0,-1.0
cfg_1805703e10,16,4,"75,150,300,600",0.5,1.0,1.0,1.5,False,0.5555555555555556,0.0,0.0,1000.0,0,0.0,-1.0
cfg_5343577d6c,16,4,"75,150,300,600",0.5,1.25,1.25,0.5,False,0.5555555555555556,0.0,0.0,1000.0,0,0.0,-1.0
cfg_4837347bf9,16,4,"75,150,300,600",0.5,1.5,1.25,0.75,False,0.5555555555555556,0.0,0.0,1000.0,0,0.0,-1.0
cfg_6c3b796a90,16,4,"75,150,300,600",0.75,0.5,1.25,1.25,False,0.5555555555555556,0.0,0.0,1000.0,0,0.0,-1.0
cfg_909c109880,16,4,"75,150,300,600",0.75,0.75,1.25,1.5,False,0.5555555555555556,0.0,0.0,1000.0,0,0.0,-1.0
cfg_36618270b7,16,4,"75,150,300,600",0.75,1.0,1.5,0.5,False,0.5555555555555556,0.0,0.0,1000.0,0,0.0,-1.0
cfg_9229c119b8,16,4,"75,150,300,600",1.0,0.5,1.5,1.5,False,0.5555555555555556,0.0,0.0,1000.0,0,0.0,-1.0
cfg_6cc8bce30d,16,4,"75,150,300,600",1.0,0.75,2.0,0.5,False,0.5555555555555556,0.0,0.0,1000.0,0,0.0,-1.0
cfg_0b809268a2,16,4,"75,150,300,600",1.5,0.5,0.75,0.75,False,0.5555555555555556,0.0,0.0,1000.0,0,0.0,-1.0
cfg_8f71da88e4,16,4,"100,200,350,500",0.5,0.5,1.0,1.25,False,0.5555555555555556,0.0,0.0,1000.0,0,0.0,-1.0
cfg_a4dfc9eb70,16,4,"100,200,350,500",0.5,0.75,1.0,1.5,False,0.5555555555555556,0.0,0.0,1000.0,0,0.0,-1.0
cfg_d2fbf2520e,16,4,"100,200,350,500",0.5,1.0,1.25,0.5,False,0.5555555555555556,0.0,0.0,1000.0,0,0.0,-1.0
cfg_6623d621d3,16,4,"100,200,350,500",0.5,1.25,1.25,1.0,False,0.5555555555555556,0.0,0.0,1000.0,0,0.0,-1.0
cfg_b8378411df,16,4,"100,200,350,500",0.5,1.5,1.25,1.25,False,0.5555555555555556,0.0,0.0,1000.0,0,0.0,-1.0
cfg_8e4618a5c2,16,4,"100,200,350,500",0.75,0.5,1.25,1.5,False,0.5555555555555556,0.0,0.0,1000.0,0,0.0,-1.0
cfg_87cbe5722a,16,4,"100,200,350,500",0.75,0.75,1.5,0.75,False,0.5555555555555556,0.0,0.0,1000.0,0,0.0,-1.0
cfg_f13b7cfc2d,16,4,"100,200,350,500",0.75,1.0,1.5,1.0,False,0.5555555555555556,0.0,0.0,1000.0,0,0.0,-1.0
cfg_3fa71577ce,16,4,"100,200,350,500",1.0,0.5,2.0,0.75,False,0.5555555555555556,0.0,0.0,1000.0,0,0.0,-1.0
cfg_364283c63c,16,4,"100,200,350,500",1.0,0.75,2.0,1.0,False,0.5555555555555556,0.0,0.0,1000.0,0,0.0,-1.0
cfg_5f28e7de28,16,4,"100,200,350,500",1.25,0.5,0.5,0.75,False,0.5555555555555556,0.0,0.0,1000.0,0,0.0,-1.0
cfg_a05a07520c,16,4,"100,200,350,500",1.5,0.5,0.75,1.25,False,0.5555555555555556,0.0,0.0,1000.0,0,0.0,-1.0
cfg_7ae8ec0cea,32,8,"40,80,160,320",0.5,0.5,1.25,0.5,False,0.5555555555555556,0.0,0.0,1000.0,0,0.0,-1.0
cfg_3c07d002d1,32,8,"40,80,160,320",0.5,0.75,1.25,0.75,False,0.5555555555555556,0.0,0.0,1000.0,0,0.0,-1.0
cfg_b32bb7a3b8,32,8,"40,80,160,320",0.75,0.5,1.5,0.75,False,0.5555555555555556,0.0,0.0,1000.0,0,0.0,-1.0
cfg_5956048a8f,32,8,"50,100,200,400",0.5,0.5,1.25,1.0,False,0.5555555555555556,0.0,0.0,1000.0,0,0.0,-1.0
cfg_eb7758f9f0,32,8,"50,100,200,400",0.5,0.75,1.25,1.25,False,0.5555555555555556,0.0,0.0,1000.0,0,0.0,-1.0
cfg_bc0546cb3f,32,8,"50,100,200,400",0.75,0.5,1.5,1.25,False,0.5555555555555556,0.0,0.0,1000.0,0,0.0,-1.0
cfg_03cde6dd15,32,8,"75,150,300,600",0.5,0.5,1.25,1.25,False,0.5555555555555556,0.0,0.0,1000.0,0,0.0,-1.0
cfg_d1d342d060,32,8,"75,150,300,600",0.5,0.75,1.5,0.5,False,0.5555555555555556,0.0,0.0,1000.0,0,0.0,-1.0
cfg_5c2d2844b9,32,8,"75,150,300,600",0.75,0.5,2.0,0.5,False,0.5555555555555556,0.0,0.0,1000.0,0,0.0,-1.0
cfg_0041964345,32,8,"100,200,350,500",0.5,0.5,1.5,0.5,False,0.5555555555555556,0.0,0.0,1000.0,0,0.0,-1.0
cfg_3abb6feac8,32,8,"100,200,350,500",0.5,0.75,1.5,1.0,False,0.5555555555555556,0.0,0.0,1000.0,0,0.0,-1.0
cfg_72a42e010d,32,8,"100,200,350,500",0.75,0.5,2.0,1.0,False,0.5555555555555556,0.0,0.0,1000.0,0,0.0,-1.0
