subject_id,tau_ms,n_windows,n_positive_labels,positive_label_fraction,timing_confidence,notes,pearson,spearman,rmse,mae,brier_score,auc_row_score,auprc_row_score,high_burden_threshold,predicted_high_burden_threshold,auc_high_burden,auprc_high_burden,balanced_accuracy_high_burden,calibration_slope,calibration_intercept
sub-0cGdk9,200.0,30987,14400,0.46471100784199826,high,beta_baseline_feature=beta_rise_acceleration__step50ms__smooth50ms,0.12155780015589583,0.12328285602585082,0.38780719805732705,0.3487177323178142,0.2453601113468763,0.5996178901817353,0.5505561823941764,0.9004058353789349,0.4836713292093311,0.5897414413051361,0.3461866707807052,0.5262062662951646,0.9810662442436962,0.08312311016676802
sub-2IU8mi,200.0,37666,18159,0.48210587798014126,high,beta_baseline_feature=beta_rise_acceleration__step50ms__smooth50ms,0.20427385453359553,0.20459512354434733,0.38517817691382733,0.34951978872512035,0.2409026942318242,0.6273077686351911,0.6147540252120147,0.8991008013512809,0.4822902583468047,0.6256466218891721,0.4164691069171827,0.5925057440659789,1.4433960318314942,-0.13615914788597255
sub-2IhVOz,200.0,37219,16131,0.4334076681264945,high,beta_baseline_feature=beta_rise_acceleration__step50ms__smooth50ms,0.24249041399933483,0.241981540010643,0.3826982841571241,0.345831596697717,0.2374635184755429,0.6338789482080001,0.5741127509761592,0.9008522602473269,0.47737327552895925,0.6304411403878596,0.38786902712199023,0.5758743064927042,1.0321807324361048,-0.06819155236506953
sub-6m9kB5,200.0,17836,6177,0.3463220453016371,high,beta_baseline_feature=beta_rise_acceleration__step50ms__smooth50ms,0.3980216366453115,0.4641103906258548,0.452786235767959,0.39956404665324086,0.2776820200728754,0.6985051843476744,0.5673494086738439,0.9014243016655696,0.4789784218082026,0.7031440843440586,0.4671034713094,0.5729689275049357,0.9136735684602731,-0.19826093384381455
sub-8RgPiG,200.0,43690,19407,0.44419775692378116,high,beta_baseline_feature=beta_rise_acceleration__step50ms__smooth50ms,0.21039429988207026,0.20310055303037816,0.40225133176834366,0.3705592236037852,0.23567478742884915,0.6297026546361234,0.5818929212771886,0.8966607164074023,0.4797937054288751,0.6238031659778837,0.4427223896883073,0.5956233174615682,1.304713850339726,-0.14205683642905526
sub-AB2PeX,200.0,42042,19167,0.4559012416155273,high,beta_baseline_feature=beta_rise_acceleration__step50ms__smooth50ms,0.24456610804443077,0.2457594867790381,0.38214177746255934,0.34695885786120434,0.2358153676394007,0.6411833898255797,0.607802829779,0.8998819005265396,0.482320560714446,0.6510915288965101,0.43353060844910046,0.6077816941970824,1.6530753767615483,-0.2495538500039537
sub-AbzsOg,200.0,50023,25083,0.5014293425024489,high,beta_baseline_feature=beta_rise_acceleration__step50ms__smooth50ms,0.19829139970468335,0.2048598995125104,0.38589111381390895,0.3499356729648521,0.24293405796067535,0.6147451551466613,0.6147190598419814,0.8961710559726533,0.48121386515928904,0.6250221164549326,0.43246856556888974,0.5918613952065721,1.2721385338939948,-0.056263213362015944
sub-BYJoWR,200.0,33587,13692,0.40765772471491946,high,beta_baseline_feature=beta_rise_acceleration__step50ms__smooth50ms,0.1151444153682521,0.12229748770710283,0.38267929528214756,0.3469082880126231,0.2368079473749276,0.5970224705118172,0.5002710698518514,0.9030620366482093,0.48202505361139997,0.59901690516964,0.30780627053743026,0.575568601890254,0.6843268263204759,0.13078024233104935
sub-FIyfdR,200.0,25355,11913,0.4698481561822126,high,beta_baseline_feature=beta_rise_acceleration__step50ms__smooth50ms,0.11416278527891115,0.11925460969043679,0.39131583183080837,0.3516263805401038,0.24878367170715412,0.5841937223214784,0.5482566533492761,0.9004019059775829,0.4834596491834824,0.5793951357303675,0.32920308636799367,0.5136265364693963,1.0139453881679712,0.07681423929751742
sub-FYbcap,200.0,34794,15153,0.4355061217451285,high,beta_baseline_feature=beta_rise_acceleration__step50ms__smooth50ms,0.2091283443339521,0.19812129360043193,0.3833438143627562,0.34935514067664925,0.23473217534374524,0.6324141113963103,0.5760816779643396,0.901235113534496,0.48236292697990274,0.6292347183734437,0.38000662551357167,0.5865053941770179,1.552893293080029,-0.22259022670840214
sub-PuPVlx,200.0,47375,21933,0.46296569920844327,high,beta_baseline_feature=beta_rise_acceleration__step50ms__smooth50ms,0.1160886141845193,0.12181529825229181,0.3950168697761909,0.35564449467747733,0.246828713351176,0.5932679532391729,0.551292610759277,0.8995980806468844,0.4851249912455516,0.5878907595746139,0.35688881799610606,0.5143231499510088,1.012298723183794,0.07852979726070934
sub-QZTsn6,200.0,35177,16221,0.4611251670125366,high,beta_baseline_feature=beta_rise_acceleration__step50ms__smooth50ms,0.1983739378508599,0.19176394152090076,0.3861717102717422,0.3517439482424504,0.23793119178123856,0.6336713013861516,0.6047733778121105,0.8997371997484536,0.4822029170307276,0.6321619313478031,0.4175239619034156,0.5947109540490646,1.5482262740898565,-0.2050792883501388
sub-VopvKx,200.0,37492,17163,0.4577776592339699,high,beta_baseline_feature=beta_rise_acceleration__step50ms__smooth50ms,0.19931665969125445,0.20279955128050903,0.37620964790965783,0.33978134565754714,0.2379847973909687,0.6278755691275534,0.5901290917518481,0.9009231978515732,0.48209436666062944,0.6292881689329581,0.3915738390826482,0.5945576763064759,1.380465908811885,-0.13029596533993373
sub-dCsWjQ,200.0,19124,9762,0.5104580631667015,high,beta_baseline_feature=beta_rise_acceleration__step50ms__smooth50ms,0.0787671160978039,0.07692296706162922,0.42230072508279104,0.3786140867592092,0.2618464038079973,0.5671986386443849,0.5803954208930802,0.8977539262776008,0.4829049447589607,0.544880444363885,0.3926011834929972,0.5199619749458889,0.5440715442216655,0.3195353472078028
sub-gNX5yb,200.0,42858,17151,0.4001819963600728,high,beta_baseline_feature=beta_rise_acceleration__step50ms__smooth50ms,0.09903452647873538,0.10038249528273371,0.3860546357034695,0.3500264879993075,0.23502887901041997,0.5848708590445899,0.4768507205293487,0.9038090300248612,0.4844970932231254,0.5836888625258613,0.28426417063266274,0.5228867453760051,0.7868503980441521,0.10114271217776317
sub-hnetKS,200.0,35629,16776,0.47085239552050295,high,beta_baseline_feature=beta_rise_acceleration__step50ms__smooth50ms,0.1535424901209094,0.1604483894700035,0.38629114461901853,0.35104291824482187,0.24158741837847328,0.6159174834988801,0.5846607219523903,0.8995662403739579,0.48234818211105746,0.6057879519551506,0.37829511409446215,0.5766106315653416,1.2202234431987202,-0.04843707967313694
sub-i4oK0F,200.0,24436,11520,0.47143558683908987,high,beta_baseline_feature=beta_rise_acceleration__step50ms__smooth50ms,0.1681608093769579,0.1710991854338543,0.38284293304661965,0.34870735249835555,0.2427871049531706,0.5946430736478872,0.5516132812648029,0.9002411993463877,0.4803933020680998,0.5899822510329511,0.33781048508538764,0.5587114260418597,0.938278554605849,0.04110307622157807
sub-iDpl28,200.0,35798,12648,0.3533158276998715,high,beta_baseline_feature=beta_rise_acceleration__step50ms__smooth50ms,0.3233140957643488,0.3263743381282849,0.3998465497128156,0.3659011396298202,0.23520141027042174,0.669398397274328,0.547248218502884,0.9046308377867137,0.4773656519280219,0.6842909720326845,0.37525155095583207,0.5990655820588042,1.415235596245102,-0.3581933560729966
sub-jyC0j3,200.0,34640,12915,0.3728348729792148,high,beta_baseline_feature=beta_rise_acceleration__step50ms__smooth50ms,0.1498028575397415,0.1374615868467334,0.3820510265574259,0.34994542138771684,0.23134713423129405,0.6099108172538243,0.46998868180142594,0.9047533615746087,0.482011557019501,0.6157475475965464,0.2874625751259544,0.5788580688354977,1.1061170581579123,-0.09832935308719187
sub-oLNpHd,200.0,24360,10893,0.4471674876847291,high,beta_baseline_feature=beta_rise_acceleration__step50ms__smooth50ms,0.23859012368246243,0.23329850733105217,0.38574576811894995,0.3520357299694249,0.23574745258596772,0.6217408363284211,0.5839913834737407,0.9002411993463821,0.4809023884101087,0.6223644015030595,0.4133416475439114,0.5860552970687413,1.3007260519687698,-0.13277836145463032
sub-0cGdk9,500.0,30987,14400,0.46471100784199826,high,beta_baseline_feature=beta_rise_acceleration__step50ms__smooth50ms,0.12154330540661602,0.12401441456335811,0.3163201659135832,0.27016974821342765,0.2453601113468763,0.5996178901817353,0.5505561823941764,0.7471701148741223,0.47947495772152676,0.5831583458167269,0.337924276551661,0.5178667550934202,0.9374728835828654,0.10103483645551503
sub-2IU8mi,500.0,37666,18159,0.48210587798014126,high,beta_baseline_feature=beta_rise_acceleration__step50ms__smooth50ms,0.22653996257946193,0.22809271901699762,0.31649721707004536,0.2716281709830364,0.2409026942318242,0.6273077686351911,0.6147540252120147,0.7459737389242327,0.4782146532276481,0.629062820374998,0.41603196800644715,0.5873593136430435,1.5409035301389082,-0.18036142399512337
sub-2IhVOz,500.0,37219,16131,0.4334076681264945,high,beta_baseline_feature=beta_rise_acceleration__step50ms__smooth50ms,0.2687580098528516,0.2669507670348592,0.3170602083533499,0.2703177400936723,0.2374635184755429,0.6338789482080001,0.5741127509761592,0.7474651058781403,0.4730580172767765,0.630802644490898,0.37951409244948153,0.5676802162239056,1.0815466766208217,-0.09064663081302926
sub-6m9kB5,500.0,17836,6177,0.3463220453016371,high,beta_baseline_feature=beta_rise_acceleration__step50ms__smooth50ms,0.46782082893578936,0.5210331192938746,0.41085967546717744,0.3548522793747221,0.2776820200728754,0.6985051843476744,0.5673494086738439,0.7477315555116121,0.4748589076456601,0.7299313207901201,0.4895063381337867,0.5738074778816412,1.1118499361201923,-0.3108807116897989
sub-8RgPiG,500.0,43690,19407,0.44419775692378116,high,beta_baseline_feature=beta_rise_acceleration__step50ms__smooth50ms,0.2171725858266201,0.2183286840810355,0.3488716918876964,0.3056602317543031,0.23567478742884915,0.6297026546361234,0.5818929212771886,0.744261535390548,0.47559370038492776,0.6183312030965562,0.4337356560415548,0.5936906689409297,1.3314159967870196,-0.15003618827952062
sub-AB2PeX,500.0,42042,19167,0.4559012416155273,high,beta_baseline_feature=beta_rise_acceleration__step50ms__smooth50ms,0.2801473742100214,0.2800433791986052,0.3171148062930571,0.27407694293442414,0.2358153676394007,0.6411833898255797,0.607802829779,0.7464687575283072,0.47828316884185573,0.6543146816471983,0.43915095383666214,0.6064235792025477,1.8593169725697392,-0.3402665032440361
sub-AbzsOg,500.0,50023,25083,0.5014293425024489,high,beta_baseline_feature=beta_rise_acceleration__step50ms__smooth50ms,0.2271756025405914,0.2330640187356568,0.31889386076558596,0.2734656130111856,0.24293405796067535,0.6147451551466613,0.6147190598419814,0.7432837837513082,0.47718464528133825,0.6318835260488784,0.44760268082029675,0.5975505519251603,1.4308992498286064,-0.12657212041175775
sub-BYJoWR,500.0,33587,13692,0.40765772471491946,high,beta_baseline_feature=beta_rise_acceleration__step50ms__smooth50ms,0.11769209070819528,0.1388386590767774,0.31935481438568136,0.27500193999590616,0.2368079473749276,0.5970224705118172,0.5002710698518514,0.7491351976053727,0.47797350144490786,0.5929621818896862,0.29762832989883975,0.5687184249221406,0.6513867302586,0.14777988719208848
sub-FIyfdR,500.0,25355,11913,0.4698481561822126,high,beta_baseline_feature=beta_rise_acceleration__step50ms__smooth50ms,0.11850959602936532,0.12669315306428058,0.3218296645095836,0.27510119958707274,0.24878367170715412,0.5841937223214784,0.5482566533492761,0.7470291536028062,0.47916983212086606,0.5777218084811331,0.33033238049490343,0.5092881165113169,1.004831161921214,0.07981906131250355
sub-FYbcap,500.0,34794,15153,0.4355061217451285,high,beta_baseline_feature=beta_rise_acceleration__step50ms__smooth50ms,0.22708718124115793,0.22847290445091037,0.3190124075922912,0.2771362970635482,0.23473217534374524,0.6324141113963103,0.5760816779643396,0.7476294034010356,0.47835499370918033,0.6373448459128875,0.3779829474190777,0.5809031042176978,1.6876466025424963,-0.2824752176036278
sub-PuPVlx,500.0,47375,21933,0.46296569920844327,high,beta_baseline_feature=beta_rise_acceleration__step50ms__smooth50ms,0.1297294650226751,0.13556461705091635,0.32630584518324446,0.2794537708184215,0.246828713351176,0.5932679532391729,0.551292610759277,0.7466592229235576,0.4807492440698894,0.5850439316562455,0.3544039299584859,0.5081147547170185,1.128944244667566,0.031073610797664908
sub-QZTsn6,500.0,35177,16221,0.4611251670125366,high,beta_baseline_feature=beta_rise_acceleration__step50ms__smooth50ms,0.21405326953904472,0.21563567365698338,0.320199132798835,0.27779410954377537,0.23793119178123856,0.6336713013861516,0.6047733778121105,0.7465063804378504,0.4781931484799692,0.6309175116260736,0.4114838145212044,0.5880906138581365,1.6429749304964099,-0.24836211880683787
sub-VopvKx,500.0,37492,17163,0.4577776592339699,high,beta_baseline_feature=beta_rise_acceleration__step50ms__smooth50ms,0.22173553205532495,0.23444043893274194,0.3037693018321486,0.25988756948042246,0.2379847973909687,0.6278755691275534,0.5901290917518481,0.7476105283091954,0.4781195879913046,0.6347724686419286,0.39915162424388534,0.5974939025282995,1.4602423315033182,-0.16649508740516672
sub-dCsWjQ,500.0,19124,9762,0.5104580631667015,high,beta_baseline_feature=beta_rise_acceleration__step50ms__smooth50ms,0.07235767905250479,0.06538686419111624,0.3635908975912448,0.31253955449702275,0.2618464038079973,0.5671986386443849,0.5803954208930802,0.7448530348205146,0.47872196164718156,0.5315772689766147,0.3836833669341023,0.5115286677079723,0.4779166937003486,0.3461054099779794
sub-gNX5yb,500.0,42858,17151,0.4001819963600728,high,beta_baseline_feature=beta_rise_acceleration__step50ms__smooth50ms,0.11111194502942735,0.11535108455824644,0.3225713531238181,0.27984236950374364,0.23502887901041997,0.5848708590445899,0.4768507205293487,0.7501932383931836,0.4802609223516928,0.5869816832229804,0.27955235929952305,0.5154916016951971,0.8998858707690822,0.05582596725011583
sub-hnetKS,500.0,35629,16776,0.47085239552050295,high,beta_baseline_feature=beta_rise_acceleration__step50ms__smooth50ms,0.16228919066958866,0.17249543903761066,0.3153819301609761,0.2719851851018799,0.24158741837847328,0.6159174834988801,0.5846607219523903,0.7462440499798331,0.47835745029847215,0.5986030022539927,0.37146364272034793,0.5657799897386786,1.254825203569277,-0.06401056832183952
sub-i4oK0F,500.0,24436,11520,0.47143558683908987,high,beta_baseline_feature=beta_rise_acceleration__step50ms__smooth50ms,0.18853071644477917,0.18186152472931752,0.31074832167445793,0.26668911789254346,0.2427871049531706,0.5946430736478872,0.5516132812648029,0.7467539029463066,0.4762223099240656,0.5863523351990227,0.3356970189307678,0.5533575645754538,0.928536127991286,0.046781347994542914
sub-iDpl28,500.0,35798,12648,0.3533158276998715,high,beta_baseline_feature=beta_rise_acceleration__step50ms__smooth50ms,0.36538699178402584,0.3762584343563371,0.35118150243995927,0.3061536763095504,0.23520141027042174,0.669398397274328,0.547248218502884,0.750582998788566,0.47302571744370964,0.6933713570472203,0.3825505296301343,0.5906642376731907,1.602460034117197,-0.4554251230735867
sub-jyC0j3,500.0,34640,12915,0.3728348729792148,high,beta_baseline_feature=beta_rise_acceleration__step50ms__smooth50ms,0.1682638246012787,0.16101501920797548,0.3180967774383904,0.2765752314240124,0.23134713423129405,0.6099108172538243,0.46998868180142594,0.7512199747146975,0.4780560085013377,0.6211385511581933,0.27986589930531136,0.5875173290907519,1.2317903382465112,-0.15576295188871017
sub-oLNpHd,500.0,24360,10893,0.4471674876847291,high,beta_baseline_feature=beta_rise_acceleration__step50ms__smooth50ms,0.2706308365485938,0.25830411833201217,0.3257944093547501,0.2830820758713529,0.23574745258596772,0.6217408363284211,0.5839913834737407,0.7466501853085146,0.47672381735283464,0.6305516503432705,0.42817128818827566,0.5906523853408884,1.402278770206794,-0.17785933278249821
sub-0cGdk9,800.0,30987,14400,0.46471100784199826,high,beta_baseline_feature=beta_rise_acceleration__step50ms__smooth50ms,0.1318269438177749,0.1286173106360779,0.2835128233270067,0.23865782112501163,0.2453601113468763,0.5996178901817353,0.5505561823941764,0.6963935530534852,0.4767319553306458,0.5886283066918219,0.3390366213971293,0.5127436034016106,0.9771181283963422,0.08002961315598725
sub-2IU8mi,800.0,37666,18159,0.48210587798014126,high,beta_baseline_feature=beta_rise_acceleration__step50ms__smooth50ms,0.24355475743599522,0.2480531503863093,0.2847623566001536,0.23955032142853674,0.2409026942318242,0.6273077686351911,0.6147540252120147,0.695132574867058,0.47560123326785636,0.6355303001443665,0.4202866705717437,0.5859055374141077,1.6179923184921186,-0.218642380021892
sub-2IhVOz,800.0,37219,16131,0.4334076681264945,high,beta_baseline_feature=beta_rise_acceleration__step50ms__smooth50ms,0.29047606502369255,0.2912787723124559,0.2881561371344511,0.2394715664354469,0.2374635184755429,0.6338789482080001,0.5741127509761592,0.6968300025047746,0.470495536076344,0.6425776513620963,0.38096171238549364,0.5719894121961943,1.1382299046329019,-0.12353836052761388
sub-6m9kB5,800.0,17836,6177,0.3463220453016371,high,beta_baseline_feature=beta_rise_acceleration__step50ms__smooth50ms,0.5116107211667505,0.557368401562638,0.39287786011921166,0.33544137224697623,0.2776820200728754,0.6985051843476744,0.5673494086738439,0.6966535284494989,0.4723689201256915,0.7549533486261077,0.5230140711666228,0.5770029299744738,1.240821421365832,-0.3869418351949564
sub-8RgPiG,800.0,43690,19407,0.44419775692378116,high,beta_baseline_feature=beta_rise_acceleration__step50ms__smooth50ms,0.2228816140399554,0.22721790229197858,0.32521529732135385,0.2798054070911904,0.23567478742884915,0.6297026546361234,0.5818929212771886,0.6936503817372304,0.47296524165878245,0.6226494789994753,0.4351679302955481,0.5973138867668002,1.3662618337108838,-0.16890170361230017
sub-AB2PeX,800.0,42042,19167,0.4559012416155273,high,beta_baseline_feature=beta_rise_acceleration__step50ms__smooth50ms,0.30257557943737623,0.305716198545545,0.2864895128574674,0.2430197665853868,0.2358153676394007,0.6411833898255797,0.607802829779,0.6957772314095723,0.4756820656862294,0.6665700926685223,0.4461032131796048,0.607856827813086,1.9786675959160331,-0.39747422110711267
sub-AbzsOg,800.0,50023,25083,0.5014293425024489,high,beta_baseline_feature=beta_rise_acceleration__step50ms__smooth50ms,0.2524177132735457,0.26000223350883217,0.28796209782568205,0.24215546670769242,0.24293405796067535,0.6147451551466613,0.6147190598419814,0.6923365952030998,0.4745442083137445,0.6434397587706845,0.4615906018931592,0.6030894688528162,1.5745656127971257,-0.19512062813375863
sub-BYJoWR,800.0,33587,13692,0.40765772471491946,high,beta_baseline_feature=beta_rise_acceleration__step50ms__smooth50ms,0.12656387471526398,0.15334809727993925,0.29267214286517246,0.24706017282180848,0.2368079473749276,0.5970224705118172,0.5002710698518514,0.6982576798701982,0.4753573600204557,0.598426234461657,0.2978381203767873,0.5681086130256613,0.6733303572701812,0.13461410916777727
sub-FIyfdR,800.0,25355,11913,0.4698481561822126,high,beta_baseline_feature=beta_rise_acceleration__step50ms__smooth50ms,0.13005717282180185,0.1365488416551191,0.28830302852894824,0.24272929773173693,0.24878367170715412,0.5841937223214784,0.5482566533492761,0.6963529113442768,0.47643805707420905,0.578559939377389,0.32888187342921665,0.5059528044368286,1.0629568200000932,0.05185881805090191
sub-FYbcap,800.0,34794,15153,0.4355061217451285,high,beta_baseline_feature=beta_rise_acceleration__step50ms__smooth50ms,0.2481535593972197,0.2546669684536523,0.2905847580666923,0.24807856700590195,0.23473217534374524,0.6324141113963103,0.5760816779643396,0.6966901979793749,0.47573864657900666,0.6506213914362274,0.38741467084220277,0.5777668154931104,1.8455343554109667,-0.35698168670774005
sub-PuPVlx,800.0,47375,21933,0.46296569920844327,high,beta_baseline_feature=beta_rise_acceleration__step50ms__smooth50ms,0.14988768992491658,0.1524813619501111,0.2940282515994031,0.24811480945286654,0.246828713351176,0.5932679532391729,0.551292610759277,0.696031969525244,0.47791792580783127,0.5912729212468089,0.35421893486600986,0.5055402651480163,1.2893371984732631,-0.038432620904324324
sub-QZTsn6,800.0,35177,16221,0.4611251670125366,high,beta_baseline_feature=beta_rise_acceleration__step50ms__smooth50ms,0.2303927917101381,0.23439883285172455,0.28984596196249623,0.2466335392537168,0.23793119178123856,0.6336713013861516,0.6047733778121105,0.6956680308160736,0.47555805071574453,0.6400044314930498,0.4163906716954099,0.5880209127272837,1.7330339001271056,-0.29354472358246503
sub-VopvKx,800.0,37492,17163,0.4577776592339699,high,beta_baseline_feature=beta_rise_acceleration__step50ms__smooth50ms,0.24168392735520677,0.25974849415780166,0.2710491029032228,0.22736975754919256,0.2379847973909687,0.6278755691275534,0.5901290917518481,0.6969523138906891,0.475494432053461,0.6504685470867079,0.40939825004519415,0.602760601513676,1.5377375116357317,-0.2056672008217289
sub-dCsWjQ,800.0,19124,9762,0.5104580631667015,high,beta_baseline_feature=beta_rise_acceleration__step50ms__smooth50ms,0.07229923032095863,0.05714603655550875,0.3349106055812067,0.28372411990615404,0.2618464038079973,0.5671986386443849,0.5803954208930802,0.6940509621277726,0.4759861320872479,0.5212096279014456,0.37526081322325333,0.5085772496285255,0.465803070157832,0.34629992087346967
sub-gNX5yb,800.0,42858,17151,0.4001819963600728,high,beta_baseline_feature=beta_rise_acceleration__step50ms__smooth50ms,0.13101660269078758,0.1318087669810739,0.29337257970123964,0.2510701304136462,0.23502887901041997,0.5848708590445899,0.4768507205293487,0.6993803250132253,0.47750109466415863,0.5931276518525489,0.2775873415910962,0.5117470539999674,1.0634268752003488,-0.015520815258898963
sub-hnetKS,800.0,35629,16776,0.47085239552050295,high,beta_baseline_feature=beta_rise_acceleration__step50ms__smooth50ms,0.18290272473944458,0.188949592923884,0.28208271449709177,0.2388349191009225,0.24158741837847328,0.6159174834988801,0.5846607219523903,0.6955039706670267,0.4757508130663582,0.6071878507213853,0.3739990101702363,0.5646294052682802,1.3813959239978117,-0.12515713655051958
sub-i4oK0F,800.0,24436,11520,0.47143558683908987,high,beta_baseline_feature=beta_rise_acceleration__step50ms__smooth50ms,0.2014597197000735,0.19243915850213486,0.27668744639434284,0.2320914317546952,0.2427871049531706,0.5946430736478872,0.5516132812648029,0.6960219148782798,0.47357783395924735,0.5920376755943175,0.33813702317072497,0.5536449517975701,0.9209990544974852,0.04600452506644113
sub-iDpl28,800.0,35798,12648,0.3533158276998715,high,beta_baseline_feature=beta_rise_acceleration__step50ms__smooth50ms,0.3949471255960065,0.4087892128523799,0.33101746052828585,0.2825808392008419,0.23520141027042174,0.669398397274328,0.547248218502884,0.6996015707957052,0.4704629479444828,0.7068206585345409,0.39318516265782066,0.5895745749851612,1.7364107847284882,-0.5272093389544594
sub-jyC0j3,800.0,34640,12915,0.3728348729792148,high,beta_baseline_feature=beta_rise_acceleration__step50ms__smooth50ms,0.1889107806097744,0.18331638117487323,0.2895407795495394,0.24557264363038958,0.23134713423129405,0.6099108172538243,0.46998868180142594,0.7007185341189446,0.4754366993664337,0.6327384077551625,0.27051069203063066,0.5893733090721026,1.3629511434270425,-0.22013449155609938
sub-oLNpHd,800.0,24360,10893,0.4471674876847291,high,beta_baseline_feature=beta_rise_acceleration__step50ms__smooth50ms,0.2892034432159884,0.27634014088987435,0.2986443244057748,0.2546878354559884,0.23574745258596772,0.6217408363284211,0.5839913834737407,0.6958339038034952,0.47408298862722764,0.6387157676279895,0.43954418727634337,0.5966188983430363,1.4525176481228836,-0.20455802778169688
sub-0cGdk9,1500.0,30987,14400,0.46471100784199826,high,beta_baseline_feature=beta_rise_acceleration__step50ms__smooth50ms,0.15128403842251043,0.13431901653117606,0.24266480391749307,0.20083132722986705,0.2453601113468763,0.5996178901817353,0.5505561823941764,0.6467052473633184,0.4728825226809133,0.5927987832456822,0.33748495331593253,0.508997396841266,1.0014206963167362,0.0597891375660804
sub-2IU8mi,1500.0,37666,18159,0.48210587798014126,high,beta_baseline_feature=beta_rise_acceleration__step50ms__smooth50ms,0.2608877836439112,0.2744055599123487,0.24487886137270581,0.20178064348315516,0.2409026942318242,0.6273077686351911,0.6147540252120147,0.6454559087069558,0.47190794181788864,0.652532698426359,0.4330439421766983,0.5886849530349243,1.6231354818949744,-0.2301196020169254
sub-2IhVOz,1500.0,37219,16131,0.4334076681264945,high,beta_baseline_feature=beta_rise_acceleration__step50ms__smooth50ms,0.3176654971996278,0.32541517511152673,0.2532131798258735,0.20570082535398443,0.2374635184755429,0.6338789482080001,0.5741127509761592,0.647034654333194,0.4668635997166879,0.6488011626961735,0.38255008955354985,0.565612700903564,1.1817076448506105,-0.1563224463508412
sub-6m9kB5,1500.0,17836,6177,0.3463220453016371,high,beta_baseline_feature=beta_rise_acceleration__step50ms__smooth50ms,0.5736949886730648,0.6117271122483786,0.3726899581583907,0.3148593657483193,0.2776820200728754,0.6985051843476744,0.5673494086738439,0.6463986248916465,0.46872668736475054,0.7847104888370737,0.5858014382139995,0.5787980046141596,1.4188871355229917,-0.4947375821259612
sub-8RgPiG,1500.0,43690,19407,0.44419775692378116,high,beta_baseline_feature=beta_rise_acceleration__step50ms__smooth50ms,0.22702832781216678,0.23729798265671326,0.2934191693548959,0.24762031454753966,0.23567478742884915,0.6297026546361234,0.5818929212771886,0.6441852866379484,0.46914431270579626,0.6239646061369273,0.4426247499986982,0.5947283440504019,1.3753096613512616,-0.18425012816460348
sub-AB2PeX,1500.0,42042,19167,0.4559012416155273,high,beta_baseline_feature=beta_rise_acceleration__step50ms__smooth50ms,0.3113729162614296,0.33098764858357954,0.24617141506686133,0.2047470284263642,0.2358153676394007,0.6411833898255797,0.607802829779,0.6464266166640875,0.4720704023526911,0.6809939411404573,0.45198565147059655,0.6068528541806392,1.930373677757276,-0.38765026629769683
sub-AbzsOg,1500.0,50023,25083,0.5014293425024489,high,beta_baseline_feature=beta_rise_acceleration__step50ms__smooth50ms,0.2817225805013106,0.2965691192358934,0.24908844985250445,0.20553896083353848,0.24293405796067535,0.6147451551466613,0.6147190598419814,0.6423919691859764,0.4707991536777278,0.6610795555143688,0.48553154162463724,0.6154896315456762,1.6868820937846927,-0.2545226221311693
sub-BYJoWR,1500.0,33587,13692,0.40765772471491946,high,beta_baseline_feature=beta_rise_acceleration__step50ms__smooth50ms,0.14170698366141524,0.17731256370405943,0.2614920511240717,0.21620704577627894,0.2368079473749276,0.5970224705118172,0.5002710698518514,0.6478866238127794,0.4716785077134732,0.6053783057219855,0.31327738151040757,0.5712210246738209,0.705144928470466,0.1114408292631713
sub-FIyfdR,1500.0,25355,11913,0.4698481561822126,high,beta_baseline_feature=beta_rise_acceleration__step50ms__smooth50ms,0.14602111164793483,0.15151812821387017,0.24487259612268167,0.20227312307113487,0.24878367170715412,0.5841937223214784,0.5482566533492761,0.646674943274943,0.47257995752183196,0.5882600040943746,0.3343995610116215,0.5041728911738541,1.0762075653329197,0.03642896271209036
sub-FYbcap,1500.0,34794,15153,0.4355061217451285,high,beta_baseline_feature=beta_rise_acceleration__step50ms__smooth50ms,0.2746874736033578,0.2965708543508425,0.2566003068893777,0.2160310214921356,0.23473217534374524,0.6324141113963103,0.5760816779643396,0.6466125077277779,0.4721139562946241,0.66739781317922,0.4083528392986948,0.576351872986129,1.9785662973619833,-0.4256924700277511
sub-PuPVlx,1500.0,47375,21933,0.46296569920844327,high,beta_baseline_feature=beta_rise_acceleration__step50ms__smooth50ms,0.1736722826502101,0.17607937715085756,0.25285663630382277,0.2097203699392138,0.246828713351176,0.5932679532391729,0.551292610759277,0.6465082240978958,0.4739344241412514,0.6005577100522659,0.3565267758935422,0.5043064134707153,1.3897664855543348,-0.09006717450156364
sub-QZTsn6,1500.0,35177,16221,0.4611251670125366,high,beta_baseline_feature=beta_rise_acceleration__step50ms__smooth50ms,0.2447389791018932,0.2568275590643092,0.252526921554327,0.2107046625623529,0.23793119178123856,0.6336713013861516,0.6047733778121105,0.6459316456854041,0.47191739188347637,0.6523628907196015,0.42795011574029257,0.5883105670749875,1.708561881213965,-0.2936691620901379
sub-VopvKx,1500.0,37492,17163,0.4577776592339699,high,beta_baseline_feature=beta_rise_acceleration__step50ms__smooth50ms,0.26241090263244643,0.288656537907235,0.23068570633461116,0.18977484048855248,0.2379847973909687,0.6278755691275534,0.5901290917518481,0.6471504308996358,0.471792467528495,0.6606899148117511,0.41430891139878345,0.6015762584015876,1.5240314730386804,-0.20972451472171877
sub-dCsWjQ,1500.0,19124,9762,0.5104580631667015,high,beta_baseline_feature=beta_rise_acceleration__step50ms__smooth50ms,0.06604969574725933,0.036997725402522344,0.296980254365646,0.24626365741770026,0.2618464038079973,0.5671986386443849,0.5803954208930802,0.6445532347097706,0.47218427322123874,0.5092393709350473,0.3628630962969088,0.5047454337702764,0.40209086105282965,0.3596368658989356
sub-gNX5yb,1500.0,42858,17151,0.4001819963600728,high,beta_baseline_feature=beta_rise_acceleration__step50ms__smooth50ms,0.16067041293951062,0.16151344043096677,0.2565823708153394,0.21542726963020264,0.23502887901041997,0.5848708590445899,0.4768507205293487,0.6495189382537785,0.4735852409231118,0.6037294472497936,0.27647318841093943,0.5080473494788624,1.2433876910688895,-0.09994476487395772
sub-hnetKS,1500.0,35629,16776,0.47085239552050295,high,beta_baseline_feature=beta_rise_acceleration__step50ms__smooth50ms,0.21655941788533078,0.21441166591258343,0.24044328784301994,0.19991984141811703,0.24158741837847328,0.6159174834988801,0.5846607219523903,0.6460122531816839,0.4720651839968163,0.6169420194313601,0.3781682565099449,0.5625014088063065,1.4988706406238823,-0.18854386239150075
sub-i4oK0F,1500.0,24436,11520,0.47143558683908987,high,beta_baseline_feature=beta_rise_acceleration__step50ms__smooth50ms,0.21353965064064426,0.20262685799887914,0.23414587984069465,0.19221141811122575,0.2427871049531706,0.5946430736478872,0.5516132812648029,0.6463504394092185,0.46984598439580183,0.5922593453739519,0.3429492061162527,0.5528396575815109,0.8618224231715633,0.06388181830049958
sub-iDpl28,1500.0,35798,12648,0.3533158276998715,high,beta_baseline_feature=beta_rise_acceleration__step50ms__smooth50ms,0.43258608353790645,0.45539953931906746,0.30853013256819606,0.25873286687521674,0.23520141027042174,0.669398397274328,0.547248218502884,0.6491819281883355,0.46682000142769386,0.7264594986698756,0.41900903239875814,0.5855548102565106,1.8753860130535251,-0.6044849725583947
sub-jyC0j3,1500.0,34640,12915,0.3728348729792148,high,beta_baseline_feature=beta_rise_acceleration__step50ms__smooth50ms,0.21673590470500637,0.220811337521162,0.2561857362878242,0.21214614188791325,0.23134713423129405,0.6099108172538243,0.46998868180142594,0.6505991433701022,0.4717251962574244,0.6545373967913879,0.26667768617620846,0.600991847826087,1.4656396311284172,-0.2774043801551578
sub-oLNpHd,1500.0,24360,10893,0.4471674876847291,high,beta_baseline_feature=beta_rise_acceleration__step50ms__smooth50ms,0.30414250157580697,0.29532295871389574,0.2643296731692123,0.22155079171618808,0.23574745258596772,0.6217408363284211,0.5839913834737407,0.6459394634877973,0.47029656841545,0.6476868434098736,0.46506196948407563,0.596578105320366,1.4392282001807573,-0.20805022348893004
sub-0cGdk9,3000.0,30987,14400,0.46471100784199826,high,beta_baseline_feature=beta_rise_acceleration__step50ms__smooth50ms,0.19172014634266213,0.14303293367978626,0.20298630258426,0.16403342776356605,0.2453601113468763,0.5996178901817353,0.5505561823941764,0.5922051829683015,0.46817671929551347,0.6046646793102446,0.35594663048542763,0.5064198583335257,0.9892266075625057,0.052583242322508134
sub-2IU8mi,3000.0,37666,18159,0.48210587798014126,high,beta_baseline_feature=beta_rise_acceleration__step50ms__smooth50ms,0.272288676852427,0.29186326250851463,0.20543198070693,0.1647070581717493,0.2409026942318242,0.6273077686351911,0.6147540252120147,0.5909570133079375,0.46740200662115255,0.6628213365387778,0.4444960508528265,0.5838523256313431,1.4132193790373075,-0.14880063334972599
sub-2IhVOz,3000.0,37219,16131,0.4334076681264945,high,beta_baseline_feature=beta_rise_acceleration__step50ms__smooth50ms,0.3340875373574127,0.3539846218133399,0.22040388387071527,0.17563926750006792,0.2374635184755429,0.6338789482080001,0.5741127509761592,0.5931071135505566,0.46251373953729985,0.6507159647612196,0.36739991385531556,0.5545124288868196,1.1091646180053507,-0.13445893015638802
sub-6m9kB5,3000.0,17836,6177,0.3463220453016371,high,beta_baseline_feature=beta_rise_acceleration__step50ms__smooth50ms,0.6419531974896172,0.6760276827455097,0.35498834535460466,0.29756310916681716,0.2776820200728754,0.6985051843476744,0.5673494086738439,0.5917312250967852,0.4644175434225129,0.8200614776592859,0.6460093516538309,0.5806575951636594,1.598201960323082,-0.6056615722328949
sub-8RgPiG,3000.0,43690,19407,0.44419775692378116,high,beta_baseline_feature=beta_rise_acceleration__step50ms__smooth50ms,0.2281872881089648,0.24587689101261917,0.25520020560205414,0.2096925340997231,0.23567478742884915,0.6297026546361234,0.5818929212771886,0.5912212691724144,0.46459237240409695,0.6332710162594537,0.42830306968896253,0.6022845718808834,1.2917231504707694,-0.16545975331478935
sub-AB2PeX,3000.0,42042,19167,0.4559012416155273,high,beta_baseline_feature=beta_rise_acceleration__step50ms__smooth50ms,0.272063939972026,0.3159591596231632,0.2049586147675192,0.165962712973463,0.2358153676394007,0.6411833898255797,0.607802829779,0.5926624407722804,0.467765073650486,0.6823516962111659,0.43719266733668927,0.5909494111592141,1.4062697683339909,-0.1737440421332819
sub-AbzsOg,3000.0,50023,25083,0.5014293425024489,high,beta_baseline_feature=beta_rise_acceleration__step50ms__smooth50ms,0.2891035234353034,0.3131198163925008,0.21135248883150975,0.17040042499386787,0.24293405796067535,0.6147451551466613,0.6147190598419814,0.587726581726955,0.4661739672106483,0.670152931848325,0.5043808802413686,0.6182550766482476,1.5073538259506425,-0.18411884315736884
sub-BYJoWR,3000.0,33587,13692,0.40765772471491946,high,beta_baseline_feature=beta_rise_acceleration__step50ms__smooth50ms,0.16387478403038896,0.20826283967314252,0.23203267688103893,0.18714226800513514,0.2368079473749276,0.5970224705118172,0.5002710698518514,0.5932363812180663,0.4671266994266445,0.6175849100661857,0.3328563849431313,0.5683646143109312,0.7242862080451082,0.08943987301044685
sub-FIyfdR,3000.0,25355,11913,0.4698481561822126,high,beta_baseline_feature=beta_rise_acceleration__step50ms__smooth50ms,0.16394422975647902,0.14948768367065152,0.20124373155956227,0.16180602244285913,0.24878367170715412,0.5841937223214784,0.5482566533492761,0.5924374102756629,0.46787724920021573,0.59038022754464,0.3310540096279587,0.5039611545175984,0.9368110154614382,0.07929110937421632
sub-FYbcap,3000.0,34794,15153,0.4355061217451285,high,beta_baseline_feature=beta_rise_acceleration__step50ms__smooth50ms,0.28403455203622974,0.3404048903452349,0.22522538322180713,0.18634959928236478,0.23473217534374524,0.6324141113963103,0.5760816779643396,0.5918164606606268,0.4676576187862377,0.6861840782288136,0.44982813080719974,0.5739984261180695,1.7574285758427908,-0.340244416061459
sub-PuPVlx,3000.0,47375,21933,0.46296569920844327,high,beta_baseline_feature=beta_rise_acceleration__step50ms__smooth50ms,0.1991208440077409,0.1911841810797378,0.2111637123105861,0.1705498576695223,0.246828713351176,0.5932679532391729,0.551292610759277,0.5923317461417065,0.4690757766949413,0.6064997249815544,0.35677114314857006,0.5037049961103721,1.2569866376703127,-0.051059379529383345
sub-QZTsn6,3000.0,35177,16221,0.4611251670125366,high,beta_baseline_feature=beta_rise_acceleration__step50ms__smooth50ms,0.24160384393571308,0.26083961134833533,0.2158993141614268,0.17621907801737352,0.23793119178123856,0.6336713013861516,0.6047733778121105,0.5917416227127164,0.46739351140859653,0.6616262872263204,0.43488070802257717,0.5889221875039901,1.375755643786515,-0.16035664291682108
sub-VopvKx,3000.0,37492,17163,0.4577776592339699,high,beta_baseline_feature=beta_rise_acceleration__step50ms__smooth50ms,0.27570412108053355,0.30513094151353554,0.1913264839283788,0.15311342124647215,0.2379847973909687,0.6278755691275534,0.5901290917518481,0.5927750854603859,0.467323264107991,0.6656288088289497,0.41246694348115875,0.6003832546364567,1.2914454883543038,-0.1196040801922715
sub-dCsWjQ,3000.0,19124,9762,0.5104580631667015,high,beta_baseline_feature=beta_rise_acceleration__step50ms__smooth50ms,0.05887556223654281,-0.0016558459411178579,0.2585682919143664,0.20783851214869384,0.2618464038079973,0.5671986386443849,0.5803954208930802,0.590461952331909,0.4675323516558242,0.4894541001017215,0.3461528280169538,0.5041611666504694,0.3151949239631818,0.37762630277660625
sub-gNX5yb,3000.0,42858,17151,0.4001819963600728,high,beta_baseline_feature=beta_rise_acceleration__step50ms__smooth50ms,0.19450343556164204,0.20683892596745732,0.22146329533805328,0.18132365922026117,0.23502887901041997,0.5848708590445899,0.4768507205293487,0.5950867926593548,0.46880634925170983,0.6311733875548051,0.293969114513362,0.5065612937616921,1.2522646690065646,-0.117809224216941
sub-hnetKS,3000.0,35629,16776,0.47085239552050295,high,beta_baseline_feature=beta_rise_acceleration__step50ms__smooth50ms,0.25633570354675544,0.23070566710455048,0.20071890096968342,0.1627684318405632,0.24158741837847328,0.6159174834988801,0.5846607219523903,0.591523300023368,0.46756414575728356,0.6231575524849824,0.38447243618453225,0.5522211485980408,1.3979262474054328,-0.15781898254107696
sub-i4oK0F,3000.0,24436,11520,0.47143558683908987,high,beta_baseline_feature=beta_rise_acceleration__step50ms__smooth50ms,0.22710717267780609,0.20127911187108993,0.19418137232144905,0.1557220165091172,0.2427871049531706,0.5946430736478872,0.5516132812648029,0.5919247184421474,0.465335866450255,0.6009956235757199,0.3673882064069252,0.5583178302603411,0.758215117593685,0.10014462216919635
sub-iDpl28,3000.0,35798,12648,0.3533158276998715,high,beta_baseline_feature=beta_rise_acceleration__step50ms__smooth50ms,0.44985370834135335,0.4991834893183126,0.2895113176311298,0.23949496572502993,0.23520141027042174,0.669398397274328,0.547248218502884,0.5944606408772042,0.46256334894891604,0.7404151555914525,0.4435383306465901,0.5753725036769676,1.815629051765315,-0.5806695278705505
sub-jyC0j3,3000.0,34640,12915,0.3728348729792148,high,beta_baseline_feature=beta_rise_acceleration__step50ms__smooth50ms,0.23464611781015435,0.25965560150814165,0.22659165053178817,0.18376887982269552,0.23134713423129405,0.6099108172538243,0.46998868180142594,0.5961721325759793,0.46718321090738957,0.6772687783923254,0.2687834571132295,0.6092178471926767,1.30948790360231,-0.2204515043141139
sub-oLNpHd,3000.0,24360,10893,0.4471674876847291,high,beta_baseline_feature=beta_rise_acceleration__step50ms__smooth50ms,0.29968690814980325,0.2941357110631031,0.2294875982416311,0.1883422320925219,0.23574745258596772,0.6217408363284211,0.5839913834737407,0.5916085966127784,0.46573210350438204,0.6493544200656074,0.4739402115527185,0.5931207491250217,1.2593910728893671,-0.13995320503344108
